ID;Index;EnglishName;ChineseName;ItemType;Notes
Item_GreenPoison;710;GreenPoison;绿毒药;Amulet;
Item_RedPoison;711;RedPoison;红毒药;Amulet;
Item_Amulet;712;Amulet;护身符;Amulet;
Item_AmuletOfRevival;714;AmuletOfRevival;复活护符;Amulet;
Item_MirArmourM;45;MirArmour(M);米尔战甲（男）;Armour;
Item_MirArmourM1;46;MirArmour(M)1;米尔战甲（男）1;Armour;
Item_MirArmourM2;47;MirArmour(M)2;米尔战甲（男）2;Armour;
Item_MirArmourM3;48;MirArmour(M)3;米尔战甲（男）3;Armour;
Item_MirArmourM4;49;MirArmour(M)4;米尔战甲（男）4;Armour;
Item_MirArmourM5;50;MirArmour(M)5;米尔战甲（男）5;Armour;
Item_MirArmourF;51;MirArmour(F);米尔战甲（女）;Armour;
Item_MirArmourF1;52;MirArmour(F)1;米尔战甲（女）1;Armour;
Item_MirArmourF2;53;MirArmour(F)2;米尔战甲（女）2;Armour;
Item_MirArmourF3;54;MirArmour(F)3;米尔战甲（女）3;Armour;
Item_MirArmourF4;55;MirArmour(F)4;米尔战甲（女）4;Armour;
Item_MirArmourF5;56;MirArmour(F)5;米尔战甲（女）5;Armour;
Item_BoneRobeM;84;BoneRobe(M);白骨长袍（男）;Armour;
Item_BoneRobeF;85;BoneRobe(F);白骨长袍（女）;Armour;
Item_TarragonArmourM;140;TarragonArmour(M);泰拉冈铠甲（男）;Armour;
Item_TarragonArmourM1;141;TarragonArmour(M)1;泰拉冈铠甲（男）1;Armour;
Item_TarragonArmourM2;142;TarragonArmour(M)2;泰拉冈铠甲（男）2;Armour;
Item_TarragonArmourM3;143;TarragonArmour(M)3;泰拉冈铠甲（男）3;Armour;
Item_TarragonArmourM4;144;TarragonArmour(M)4;泰拉冈铠甲（男）4;Armour;
Item_TarragonArmourM5;145;TarragonArmour(M)5;泰拉冈铠甲（男）5;Armour;
Item_TarragonArmourF;146;TarragonArmour(F);泰拉冈铠甲（女）;Armour;
Item_TarragonArmourF1;147;TarragonArmour(F)1;泰拉冈铠甲（女）1;Armour;
Item_TarragonArmourF2;148;TarragonArmour(F)2;泰拉冈铠甲（女）2;Armour;
Item_TarragonArmourF3;149;TarragonArmour(F)3;泰拉冈铠甲（女）3;Armour;
Item_TarragonArmourF4;150;TarragonArmour(F)4;泰拉冈铠甲（女）4;Armour;
Item_TarragonArmourF5;151;TarragonArmour(F)5;泰拉冈铠甲（女）5;Armour;
Item_RaidersArmourM;152;RaidersArmour(M);掠夺者铠甲（男）;Armour;
Item_RaidersArmourM1;153;RaidersArmour(M)1;掠夺者铠甲（男）1;Armour;
Item_RaidersArmourM2;154;RaidersArmour(M)2;掠夺者铠甲（男）2;Armour;
Item_RaidersArmourM3;155;RaidersArmour(M)3;掠夺者铠甲（男）3;Armour;
Item_RaidersArmourM4;156;RaidersArmour(M)4;掠夺者铠甲（男）4;Armour;
Item_RaidersArmourM5;157;RaidersArmour(M)5;掠夺者铠甲（男）5;Armour;
Item_RaidersArmourF;158;RaidersArmour(F);掠夺者铠甲（女）;Armour;
Item_RaidersArmourF1;159;RaidersArmour(F)1;掠夺者铠甲（女）1;Armour;
Item_RaidersArmourF2;160;RaidersArmour(F)2;掠夺者铠甲（女）2;Armour;
Item_RaidersArmourF3;161;RaidersArmour(F)3;掠夺者铠甲（女）3;Armour;
Item_RaidersArmourF4;162;RaidersArmour(F)4;掠夺者铠甲（女）4;Armour;
Item_RaidersArmourF5;163;RaidersArmour(F)5;掠夺者铠甲（女）5;Armour;
Item_BaseDressM;317;BaseDress(M);新手服（男）;Armour;
Item_BaseDressF;318;BaseDress(F);新手服（女）;Armour;
Item_LightArmourM;319;LightArmour(M);轻甲（男）;Armour;
Item_LightArmourF;320;LightArmour(F);轻甲（女）;Armour;
Item_MediumArmourM;321;MediumArmour(M);中甲（男）;Armour;
Item_MediumArmourF;322;MediumArmour(F);中甲（女）;Armour;
Item_HeavyArmourM;323;HeavyArmour(M);重甲（男）;Armour;
Item_HeavyArmourF;324;HeavyArmour(F);重甲（女）;Armour;
Item_MagicRobeM;325;MagicRobe(M);魔法长袍（男）;Armour;
Item_MagicRobeF;326;MagicRobe(F);魔法长袍（女）;Armour;
Item_SoulArmourM;327;SoulArmour(M);灵魂铠甲（男）;Armour;
Item_SoulArmourF;328;SoulArmour(F);灵魂铠甲（女）;Armour;
Item_RelicArmourM;329;RelicArmour(M);遗物铠甲（男）;Armour;
Item_RelicArmourF;330;RelicArmour(F);遗物铠甲（女）;Armour;
Item_LightLeatherArmourM;331;LightLeatherArmour(M);轻皮甲（男）;Armour;
Item_LightLeatherArmourF;332;LightLeatherArmour(F);轻皮甲（女）;Armour;
Item_IronArmourM;333;IronArmour(M);铁甲（男）;Armour;
Item_IronArmourF;334;IronArmour(F);铁甲（女）;Armour;
Item_WizardRobeM;335;WizardRobe(M);巫师长袍（男）;Armour;
Item_WitchRobeF;336;WitchRobe(F);女巫长袍（女）;Armour;
Item_PearlArmourM;337;PearlArmour(M);珍珠铠甲（男）;Armour;
Item_PearlArmourF;338;PearlArmour(F);珍珠铠甲（女）;Armour;
Item_AncientArmourM;339;AncientArmour(M);远古铠甲（男）;Armour;
Item_AncientArmourF;340;AncientArmour(F);远古铠甲（女）;Armour;
Item_TemperedArmourM;341;TemperedArmour(M);淬火铠甲（男）;Armour;
Item_TemperedArmourF;342;TemperedArmour(F);淬火铠甲（女）;Armour;
Item_SteelArmourM;343;SteelArmour(M);钢铁铠甲（男）;Armour;
Item_SteelArmourF;344;SteelArmour(F);钢铁铠甲（女）;Armour;
Item_DragonRobeM;345;DragonRobe(M);龙纹长袍（男）;Armour;
Item_DragonRobeF;346;DragonRobe(F);龙纹长袍（女）;Armour;
Item_TitanArmourM;347;TitanArmour(M);泰坦铠甲（男）;Armour;
Item_TitanArmourF;348;TitanArmour(F);泰坦铠甲（女）;Armour;
Item_RoyalArmourM;349;RoyalArmour(M);皇家铠甲（男）;Armour;
Item_RoyalArmourF;350;RoyalArmour(F);皇家铠甲（女）;Armour;
Item_StuddedArmourM;351;StuddedArmour(M);铆钉铠甲（男）;Armour;
Item_StuddedArmourF;352;StuddedArmour(F);铆钉铠甲（女）;Armour;
Item_BlackTigerArmourM;353;BlackTigerArmour(M);黑虎铠甲（男）;Armour;
Item_BlackTigerArmourF;354;BlackTigerArmour(F);黑虎铠甲（女）;Armour;
Item_LotusArmourM;355;LotusArmour(M);莲花铠甲（男）;Armour;
Item_LotusArmourF;356;LotusArmour(F);莲花铠甲（女）;Armour;
Item_CraneArmourM;357;CraneArmour(M);仙鹤铠甲（男）;Armour;
Item_CraneArmourF;358;CraneArmour(F);仙鹤铠甲（女）;Armour;
Item_StealthArmourM;359;StealthArmour(M);潜行铠甲（男）;Armour;
Item_StealthArmourF;360;StealthArmour(F);潜行铠甲（女）;Armour;
Item_LightTemperedArmourM;361;LightTemperedArmour(M);轻淬铠甲（男）;Armour;
Item_LightTemperedArmourF;362;LightTemperedArmour(F);轻淬铠甲（女）;Armour;
Item_BlueDarkArmourM;363;BlueDarkArmour(M);蓝暗铠甲（男）;Armour;
Item_BlueDarkArmourF;364;BlueDarkArmour(F);蓝暗铠甲（女）;Armour;
Item_RedDarkArmourM;365;RedDarkArmour(M);赤暗铠甲（男）;Armour;
Item_RedDarkArmourF;366;RedDarkArmour(F);赤暗铠甲（女）;Armour;
Item_GreenDarkArmourM;367;GreenDarkArmour(M);碧暗铠甲（男）;Armour;
Item_GreenDarkArmourF;368;GreenDarkArmour(F);碧暗铠甲（女）;Armour;
Item_GoldDarkArmourM;369;GoldDarkArmour(M);金暗铠甲（男）;Armour;
Item_GoldDarkArmourF;370;GoldDarkArmour(F);金暗铠甲（女）;Armour;
Item_ScaledArmourM;371;ScaledArmour(M);鳞甲（男）;Armour;
Item_ScaledArmourF;372;ScaledArmour(F);鳞甲（女）;Armour;
Item_CrystalArmourM;373;CrystalArmour(M);水晶铠甲（男）;Armour;
Item_CrystalArmourF;374;CrystalArmour(F);水晶铠甲（女）;Armour;
Item_HeavenArmourM;375;HeavenArmour(M);天堂铠甲（男）;Armour;
Item_HeavenArmourM1;376;HeavenArmour(M)1;天堂铠甲（男）1;Armour;
Item_HeavenArmourM2;377;HeavenArmour(M)2;天堂铠甲（男）2;Armour;
Item_HeavenArmourM3;378;HeavenArmour(M)3;天堂铠甲（男）3;Armour;
Item_HeavenArmourF;379;HeavenArmour(F);天堂铠甲（女）;Armour;
Item_HeavenArmourF1;380;HeavenArmour(F)1;天堂铠甲（女）1;Armour;
Item_HeavenArmourF2;381;HeavenArmour(F)2;天堂铠甲（女）2;Armour;
Item_HeavenArmourF3;382;HeavenArmour(F)3;天堂铠甲（女）3;Armour;
Item_OmaKingRobeM;383;OmaKingRobe(M);奥玛王袍（男）;Armour;
Item_OmaKingRobeM1;384;OmaKingRobe(M)1;奥玛王袍（男）1;Armour;
Item_OmaKingRobeM2;385;OmaKingRobe(M)2;奥玛王袍（男）2;Armour;
Item_OmaKingRobeM3;386;OmaKingRobe(M)3;奥玛王袍（男）3;Armour;
Item_OmaKingRobeM4;387;OmaKingRobe(M)4;奥玛王袍（男）4;Armour;
Item_OmaKingRobeM5;388;OmaKingRobe(M)5;奥玛王袍（男）5;Armour;
Item_OmaKingRobeF;389;OmaKingRobe(F);奥玛王袍（女）;Armour;
Item_OmaKingRobeF1;390;OmaKingRobe(F)1;奥玛王袍（女）1;Armour;
Item_OmaKingRobeF2;391;OmaKingRobe(F)2;奥玛王袍（女）2;Armour;
Item_OmaKingRobeF3;392;OmaKingRobe(F)3;奥玛王袍（女）3;Armour;
Item_OmaKingRobeF4;393;OmaKingRobe(F)4;奥玛王袍（女）4;Armour;
Item_OmaKingRobeF5;394;OmaKingRobe(F)5;奥玛王袍（女）5;Armour;
Item_SolidArmourM;1190;SolidArmour(M);坚固铠甲（男）;Armour;
Item_SolidArmourF;1191;SolidArmour(F);坚固铠甲（女）;Armour;
Item_ThickArmourM;1221;ThickArmour(M);厚重铠甲（男）;Armour;
Item_ThickArmourF;1222;ThickArmour(F);厚重铠甲（女）;Armour;
Item_FireMagicRobeM;1223;FireMagicRobe(M);火焰法袍（男）;Armour;
Item_FireMagicRobeF;1224;FireMagicRobe(F);火焰法袍（女）;Armour;
Item_TaoArmourM;1225;TaoArmour(M);道士战甲（男）;Armour;
Item_TaoArmourF;1226;TaoArmour(F);道士战甲（女）;Armour;
Item_SpiritRobeM;1227;SpiritRobe(M);精神长袍（男）;Armour;
Item_SpiritRobeF;1228;SpiritRobe(F);精神长袍（女）;Armour;
Item_LeatherArmourM;1229;LeatherArmour(M);皮甲（男）;Armour;
Item_LeatherArmourF;1230;LeatherArmour(F);皮甲（女）;Armour;
Item_FineIronArmourM;1246;FineIronArmour(M);精铁铠甲（男）;Armour;
Item_FineIronArmourF;1247;FineIronArmour(F);精铁铠甲（女）;Armour;
Item_FireRobeM;1248;FireRobe(M);火焰长袍（男）;Armour;
Item_FireRobeF;1249;FireRobe(F);火焰长袍（女）;Armour;
Item_YingYangRobeM;1250;YingYangRobe(M);阴阳长袍（男）;Armour;
Item_YingYangRobeF;1251;YingYangRobe(F);阴阳长袍（女）;Armour;
Item_FlamingRedArmourM;1252;FlamingRedArmour(M);烈焰红铠（男）;Armour;
Item_FlamingRedArmourF;1253;FlamingRedArmour(F);烈焰红铠（女）;Armour;
Item_HardTemperedArmourM;1254;HardTemperedArmour(M);强化淬火铠甲（男）;Armour;
Item_HardTemperedArmourF;1255;HardTemperedArmour(F);强化淬火铠甲（女）;Armour;
Item_LeopardTattooSuitM;1384;LeopardTattooSuit(M);豹纹套装（男）;Armour;
Item_LeopardTattooSuitF;1385;LeopardTattooSuit(F);豹纹套装（女）;Armour;
Item_SnowUnderpants;1393;SnowUnderpants;雪地内裤;Armour;
Item_Underpants;1394;Underpants;内裤;Armour;
Item_YellowUnderpants;1395;YellowUnderpants;黄色内裤;Armour;
Item_PinkUnderpants;1396;PinkUnderpants;粉色内裤;Armour;
Item_BlackDragonArmorF5;1425;BlackDragonArmor(F)5;黑龙战甲（女）5;Armour;
Item_BlackDragonArmorF;1426;BlackDragonArmor(F);黑龙战甲（女）;Armour;
Item_BlackDragonArmorF1;1427;BlackDragonArmor(F)1;黑龙战甲（女）1;Armour;
Item_BlackDragonArmorF2;1428;BlackDragonArmor(F)2;黑龙战甲（女）2;Armour;
Item_BlackDragonArmorF3;1429;BlackDragonArmor(F)3;黑龙战甲（女）3;Armour;
Item_BlackDragonArmorF4;1431;BlackDragonArmor(F)4;黑龙战甲（女）4;Armour;
Item_BlackDragonArmorM;1436;BlackDragonArmor(M);黑龙战甲（男）;Armour;
Item_BlackDragonArmorM1;1437;BlackDragonArmor(M)1;黑龙战甲（男）1;Armour;
Item_BlackDragonArmorM2;1438;BlackDragonArmor(M)2;黑龙战甲（男）2;Armour;
Item_BlackDragonArmorM3;1439;BlackDragonArmor(M)3;黑龙战甲（男）3;Armour;
Item_BlackDragonArmorM5;1440;BlackDragonArmor(M)5;黑龙战甲（男）5;Armour;
Item_BlackDragonArmorM4;1441;BlackDragonArmor(M)4;黑龙战甲（男）4;Armour;
Item_Gonryunyongdrama寶F;1575;Gonryunyongdrama(寶)(F);昆仑龙铠·宝（女）;Armour;
Item_Gonryunyongdrama寶F1;1576;Gonryunyongdrama(寶)(F)1;昆仑龙铠·宝（女）1;Armour;
Item_Gonryunyongdrama寶F2;1577;Gonryunyongdrama(寶)(F)2;昆仑龙铠·宝（女）2;Armour;
Item_Gonryunyongdrama寶F3;1578;Gonryunyongdrama(寶)(F)3;昆仑龙铠·宝（女）3;Armour;
Item_Gonryunyongdrama寶F4;1579;Gonryunyongdrama(寶)(F)4;昆仑龙铠·宝（女）4;Armour;
Item_Gonryunyongdrama寶F5;1580;Gonryunyongdrama(寶)(F)5;昆仑龙铠·宝（女）5;Armour;
Item_Gonryunyongdrama寶M;1581;Gonryunyongdrama(寶)(M);昆仑龙铠·宝（男）;Armour;
Item_Gonryunyongdrama寶M1;1582;Gonryunyongdrama(寶)(M)1;昆仑龙铠·宝（男）1;Armour;
Item_Gonryunyongdrama寶M2;1583;Gonryunyongdrama(寶)(M)2;昆仑龙铠·宝（男）2;Armour;
Item_Gonryunyongdrama寶M3;1584;Gonryunyongdrama(寶)(M)3;昆仑龙铠·宝（男）3;Armour;
Item_Gonryunyongdrama寶M4;1585;Gonryunyongdrama(寶)(M)4;昆仑龙铠·宝（男）4;Armour;
Item_Gonryunyongdrama寶M5;1586;Gonryunyongdrama(寶)(M)5;昆仑龙铠·宝（男）5;Armour;
Item_Gonryunyongdrama聖F;1600;Gonryunyongdrama(聖)(F);昆仑龙铠·圣（女）;Armour;
Item_Gonryunyongdrama聖F1;1601;Gonryunyongdrama(聖)(F)1;昆仑龙铠·圣（女）1;Armour;
Item_Gonryunyongdrama聖F2;1602;Gonryunyongdrama(聖)(F)2;昆仑龙铠·圣（女）2;Armour;
Item_Gonryunyongdrama聖F3;1603;Gonryunyongdrama(聖)(F)3;昆仑龙铠·圣（女）3;Armour;
Item_Gonryunyongdrama聖F4;1604;Gonryunyongdrama(聖)(F)4;昆仑龙铠·圣（女）4;Armour;
Item_Gonryunyongdrama聖F5;1605;Gonryunyongdrama(聖)(F)5;昆仑龙铠·圣（女）5;Armour;
Item_Gonryunyongdrama聖M;1606;Gonryunyongdrama(聖)(M);昆仑龙铠·圣（男）;Armour;
Item_Gonryunyongdrama聖M1;1607;Gonryunyongdrama(聖)(M)1;昆仑龙铠·圣（男）1;Armour;
Item_Gonryunyongdrama聖M2;1608;Gonryunyongdrama(聖)(M)2;昆仑龙铠·圣（男）2;Armour;
Item_Gonryunyongdrama聖M3;1609;Gonryunyongdrama(聖)(M)3;昆仑龙铠·圣（男）3;Armour;
Item_Gonryunyongdrama聖M4;1610;Gonryunyongdrama(聖)(M)4;昆仑龙铠·圣（男）4;Armour;
Item_Gonryunyongdrama聖M5;1611;Gonryunyongdrama(聖)(M)5;昆仑龙铠·圣（男）5;Armour;
Item_BraveryGlyph0;913;BraveryGlyph0;勇气雕文0;Awakening;
Item_BraveryGlyph1;914;BraveryGlyph1;勇气雕文1;Awakening;
Item_BraveryGlyph2;915;BraveryGlyph2;勇气雕文2;Awakening;
Item_BraveryGlyph3;916;BraveryGlyph3;勇气雕文3;Awakening;
Item_MagicGlyph0;917;MagicGlyph0;魔力雕文0;Awakening;
Item_MagicGlyph1;918;MagicGlyph1;魔力雕文1;Awakening;
Item_MagicGlyph2;919;MagicGlyph2;魔力雕文2;Awakening;
Item_MagicGlyph3;920;MagicGlyph3;魔力雕文3;Awakening;
Item_SoulGlyph0;921;SoulGlyph0;灵魂雕文0;Awakening;
Item_SoulGlyph1;922;SoulGlyph1;灵魂雕文1;Awakening;
Item_SoulGlyph2;923;SoulGlyph2;灵魂雕文2;Awakening;
Item_SoulGlyph3;924;SoulGlyph3;灵魂雕文3;Awakening;
Item_ProtectionGlyph0;925;ProtectionGlyph0;守护雕文0;Awakening;
Item_ProtectionGlyph1;926;ProtectionGlyph1;守护雕文1;Awakening;
Item_ProtectionGlyph2;927;ProtectionGlyph2;守护雕文2;Awakening;
Item_ProtectionGlyph3;928;ProtectionGlyph3;守护雕文3;Awakening;
Item_EvilSlayerGlyph0;929;EvilSlayerGlyph0;屠魔雕文0;Awakening;
Item_EvilSlayerGlyph1;930;EvilSlayerGlyph1;屠魔雕文1;Awakening;
Item_EvilSlayerGlyph2;931;EvilSlayerGlyph2;屠魔雕文2;Awakening;
Item_EvilSlayerGlyph3;932;EvilSlayerGlyph3;屠魔雕文3;Awakening;
Item_BodyGlyph0;933;BodyGlyph0;体魄雕文0;Awakening;
Item_BodyGlyph1;934;BodyGlyph1;体魄雕文1;Awakening;
Item_BodyGlyph2;935;BodyGlyph2;体魄雕文2;Awakening;
Item_BodyGlyph3;936;BodyGlyph3;体魄雕文3;Awakening;
Item_AwakeningSoul0;937;AwakeningSoul0;觉醒之魂0;Awakening;
Item_AwakeningSoul1;938;AwakeningSoul1;觉醒之魂1;Awakening;
Item_AwakeningSoul2;939;AwakeningSoul2;觉醒之魂2;Awakening;
Item_AwakeningSoul3;940;AwakeningSoul3;觉醒之魂3;Awakening;
Item_FishBait;798;FishBait;鱼饵;Bait;
Item_PremiumBait;799;PremiumBait;高级鱼饵;Bait;
Item_BronzeBell;778;BronzeBell;青铜铃;Bells;
Item_SilverBell;779;SilverBell;白银铃;Bells;
Item_GoldBell;780;GoldBell;黄金铃;Bells;
Item_GreenBell;781;GreenBell;绿色铃;Bells;
Item_MirBelt;81;MirBelt;米尔腰带;Belt;
Item_WhiteGoldBelt;90;WhiteGoldBelt;白金腰带;Belt;
Item_WhiteGoldBeltH;95;WhiteGoldBelt(H);白金腰带（加强）;Belt;
Item_RedJadeBelt;100;RedJadeBelt;赤玉腰带;Belt;
Item_RedJadeBeltH;105;RedJadeBelt(H);赤玉腰带（加强）;Belt;
Item_NephriteBelt;110;NephriteBelt;碧玉腰带;Belt;
Item_NephriteBeltH;115;NephriteBelt(H);碧玉腰带（加强）;Belt;
Item_BeltOfStrength1;125;BeltOfStrength1;力量腰带1;Belt;
Item_BeltOfStrength2;127;BeltOfStrength2;力量腰带2;Belt;
Item_BeltOfStrength3;129;BeltOfStrength3;力量腰带3;Belt;
Item_BeltOfStrength4;131;BeltOfStrength4;力量腰带4;Belt;
Item_BeltOfStrength5;133;BeltOfStrength5;力量腰带5;Belt;
Item_TarragonBelt;138;TarragonBelt;泰拉冈腰带;Belt;
Item_SparklingBelt;201;SparklingBelt;闪耀腰带;Belt;
Item_BeltOfDarkness;204;BeltOfDarkness;黑暗腰带;Belt;
Item_CheongboBeltWAR;207;CheongboBelt(WAR);青宝腰带·战士;Belt;
Item_CheongboBeltWIZ;210;CheongboBelt(WIZ);青宝腰带·法师;Belt;
Item_CheongboBeltTAO;213;CheongboBelt(TAO);青宝腰带·道士;Belt;
Item_CheongboBeltASSA;216;CheongboBelt(ASSA);青宝腰带·刺客;Belt;
Item_CheongboBeltARCH;219;CheongboBelt(ARCH);青宝腰带·弓手;Belt;
Item_LeatherBelt;612;LeatherBelt;皮质腰带;Belt;
Item_ChainBelt;613;ChainBelt;锁链腰带;Belt;
Item_BronzeBelt;614;BronzeBelt;青铜腰带;Belt;
Item_SteelBelt;615;SteelBelt;钢铁腰带;Belt;
Item_GoldBelt;616;GoldBelt;黄金腰带;Belt;
Item_AdamantineBelt;617;AdamantineBelt;精金腰带;Belt;
Item_FlamingGrasp;618;FlamingGrasp;烈焰之握腰带;Belt;
Item_StrongLeatherBelt;1186;StrongLeatherBelt;结实皮腰带;Belt;
Item_SteelBuckle;1202;SteelBuckle;钢扣腰带;Belt;
Item_BronzeStrap;1206;BronzeStrap;青铜束带;Belt;
Item_BlackIronBelt;1234;BlackIronBelt;玄铁腰带;Belt;
Item_GonryunEunhyung寶;1454;GonryunEunhyung(寶);昆仑银衡腰带·宝;Belt;
Item_GonryunEunhyung聖;1455;GonryunEunhyung(聖);昆仑银衡腰带·圣;Belt;
Item_GonryunEunhyung神;1456;GonryunEunhyung(神);昆仑银衡腰带·神;Belt;
Item_GonryunEunhyung寶1;1508;GonryunEunhyung(寶)1;昆仑银衡腰带·宝1;Belt;
Item_GonryunEunhyung寶2;1509;GonryunEunhyung(寶)2;昆仑银衡腰带·宝2;Belt;
Item_GonryunEunhyung寶3;1510;GonryunEunhyung(寶)3;昆仑银衡腰带·宝3;Belt;
Item_GonryunEunhyung寶4;1511;GonryunEunhyung(寶)4;昆仑银衡腰带·宝4;Belt;
Item_GonryunEunhyung寶5;1512;GonryunEunhyung(寶)5;昆仑银衡腰带·宝5;Belt;
Item_GonryunEunhyung聖1;1513;GonryunEunhyung(聖)1;昆仑银衡腰带·圣1;Belt;
Item_GonryunEunhyung聖2;1514;GonryunEunhyung(聖)2;昆仑银衡腰带·圣2;Belt;
Item_GonryunEunhyung聖3;1515;GonryunEunhyung(聖)3;昆仑银衡腰带·圣3;Belt;
Item_GonryunEunhyung聖4;1516;GonryunEunhyung(聖)4;昆仑银衡腰带·圣4;Belt;
Item_GonryunEunhyung聖5;1517;GonryunEunhyung(聖)5;昆仑银衡腰带·圣5;Belt;
Item_GonryunEunhyung神1;1518;GonryunEunhyung(神)1;昆仑银衡腰带·神1;Belt;
Item_GonryunEunhyung神2;1519;GonryunEunhyung(神)2;昆仑银衡腰带·神2;Belt;
Item_GonryunEunhyung神3;1520;GonryunEunhyung(神)3;昆仑银衡腰带·神3;Belt;
Item_GonryunEunhyung神4;1521;GonryunEunhyung(神)4;昆仑银衡腰带·神4;Belt;
Item_GonryunEunhyung神5;1522;GonryunEunhyung(神)5;昆仑银衡腰带·神5;Belt;
Item_Fencing;973;Fencing;基本剑术;Book;
Item_Slaying;974;Slaying;攻杀剑术;Book;
Item_Thrusting;975;Thrusting;刺杀剑术;Book;
Item_HalfMoon;976;HalfMoon;半月弯刀;Book;
Item_ShoulderDash;977;ShoulderDash;野蛮冲撞;Book;
Item_TwinDrakeBlade;978;TwinDrakeBlade;双龙斩;Book;
Item_Entrapment;979;Entrapment;缠绕;Book;
Item_FlamingSword;980;FlamingSword;烈火剑法;Book;
Item_LionRoar;981;LionRoar;狮吼功;Book;
Item_CrossHalfMoon;982;CrossHalfMoon;交叉半月;Book;
Item_BladeAvalanche;983;BladeAvalanche;旋风斩;Book;
Item_ProtectionField;984;ProtectionField;护体结界;Book;
Item_Rage;985;Rage;狂怒;Book;
Item_CounterAttack;986;CounterAttack;反击;Book;
Item_SlashingBurst;987;SlashingBurst;破空斩;Book;
Item_Fury;988;Fury;狂暴;Book;
Item_ImmortalSkin;989;ImmortalSkin;金刚不坏;Book;
Item_FireBall;990;FireBall;火球术;Book;
Item_Repulsion;991;Repulsion;抗拒火环;Book;
Item_ElectricShock;992;ElectricShock;雷电术;Book;
Item_GreatFireBall;993;GreatFireBall;大火球;Book;
Item_HellFire;994;HellFire;地狱火;Book;
Item_ThunderBolt;995;ThunderBolt;雷霆术;Book;
Item_Teleport;996;Teleport;瞬息移动;Book;
Item_FireBang;997;FireBang;爆裂火焰;Book;
Item_FireWall;998;FireWall;火墙;Book;
Item_Lightning;999;Lightning;疾光电影;Book;
Item_FrostCrunch;1000;FrostCrunch;冰霜嚎叫;Book;
Item_ThunderStorm;1001;ThunderStorm;地狱雷光;Book;
Item_MagicShield;1002;MagicShield;魔法盾;Book;
Item_TurnUndead;1003;TurnUndead;圣言术;Book;
Item_Vampirism;1004;Vampirism;吸血术;Book;
Item_IceStorm;1005;IceStorm;冰咆哮;Book;
Item_FlameDisruptor;1006;FlameDisruptor;焰火分身;Book;
Item_Mirroring;1007;Mirroring;镜像术;Book;
Item_FlameField;1008;FlameField;火焰领域;Book;
Item_Blizzard;1009;Blizzard;暴风雪;Book;
Item_MagicBooster;1010;MagicBooster;魔力增幅;Book;
Item_MeteorStrike;1011;MeteorStrike;流星坠落;Book;
Item_IceThrust;1012;IceThrust;冰刺术;Book;
Item_Blink;1013;Blink;闪烁;Book;
Item_StormEscape;1014;StormEscape;风暴逃脱;Book;
Item_FastMove;1015;FastMove;疾行;Book;
Item_Healing;1016;Healing;治愈术;Book;
Item_SpiritSword;1017;SpiritSword;精神力战法;Book;
Item_Poisoning;1018;Poisoning;施毒术;Book;
Item_SoulFireBall;1019;SoulFireBall;灵魂火符;Book;
Item_SummonSkeleton;1020;SummonSkeleton;召唤骷髅;Book;
Item_Hiding;1021;Hiding;隐身术;Book;
Item_MassHiding;1022;MassHiding;集体隐身术;Book;
Item_SoulShield;1023;SoulShield;幽灵盾;Book;
Item_Revelation;1024;Revelation;心灵启示;Book;
Item_BlessedArmour;1025;BlessedArmour;神圣战甲术;Book;
Item_EnergyRepulsor;1026;EnergyRepulsor;能量反震;Book;
Item_TrapHexagon;1027;TrapHexagon;困魔咒;Book;
Item_Purification;1028;Purification;净化术;Book;
Item_MassHealing;1029;MassHealing;群体治疗术;Book;
Item_Hallucination;1030;Hallucination;幻觉术;Book;
Item_UltimateEnhancer;1031;UltimateEnhancer;极限强化;Book;
Item_SummonShinsu;1032;SummonShinsu;召唤神兽;Book;
Item_Reincarnation;1033;Reincarnation;复活术;Book;
Item_SummonHolyDeva;1034;SummonHolyDeva;召唤圣灵;Book;
Item_Curse;1035;Curse;诅咒术;Book;
Item_Plague;1036;Plague;瘟疫术;Book;
Item_PoisonCloud;1037;PoisonCloud;毒雾术;Book;
Item_EnergyShield;1038;EnergyShield;能量护盾;Book;
Item_PetEnhancer;1039;PetEnhancer;宠物强化;Book;
Item_HealingCircle;1040;HealingCircle;治愈光环;Book;
Item_FatalSword;1041;FatalSword;致命剑法;Book;
Item_DoubleSlash;1042;DoubleSlash;双重斩;Book;
Item_Haste;1043;Haste;疾速;Book;
Item_FlashDash;1044;FlashDash;闪影冲刺;Book;
Item_LightBody;1045;LightBody;轻身术;Book;
Item_HeavenlySword;1046;HeavenlySword;天剑术;Book;
Item_FireBurst;1047;FireBurst;火焰爆裂;Book;
Item_Trap;1048;Trap;陷阱术;Book;
Item_PoisonSword;1049;PoisonSword;毒剑术;Book;
Item_MoonLight;1050;MoonLight;月光斩;Book;
Item_MPEater;1051;MPEater;法力汲取;Book;
Item_SwiftFeet;1052;SwiftFeet;疾风步;Book;
Item_DarkBody;1053;DarkBody;暗影之躯;Book;
Item_Hemorrhage;1054;Hemorrhage;流血打击;Book;
Item_CresentSlash;1055;CresentSlash;新月斩;Book;
Item_MoonMist;1056;MoonMist;月影迷雾;Book;
Item_Focus;1057;Focus;专注;Book;
Item_StraightShot;1058;StraightShot;直射;Book;
Item_MentalState;1059;MentalState;心灵专注;Book;
Item_DoubleShot;1060;DoubleShot;二连射;Book;
Item_Meditation;1061;Meditation;冥想;Book;
Item_ElementalShot;1062;ElementalShot;元素射击;Book;
Item_ExplosiveTrap;1063;ExplosiveTrap;爆裂陷阱;Book;
Item_Concentration;1064;Concentration;集中射击;Book;
Item_VampireShot;1065;VampireShot;吸血箭;Book;
Item_SummonVampire;1066;SummonVampire;召唤吸血鬼;Book;
Item_BackStep;1067;BackStep;后跳;Book;
Item_DelayedExplosion;1068;DelayedExplosion;延时爆裂;Book;
Item_ElementalBarrier;1069;ElementalBarrier;元素屏障;Book;
Item_BindingShot;1070;BindingShot;束缚箭;Book;
Item_SummonToad;1071;SummonToad;召唤毒蛤;Book;
Item_PoisonShot;1072;PoisonShot;剧毒箭;Book;
Item_CrippleShot;1073;CrippleShot;致残箭;Book;
Item_SummonSnakes;1074;SummonSnakes;召唤毒蛇;Book;
Item_NapalmShot;1075;NapalmShot;燃烧弹;Book;
Item_OneWithNature;1076;OneWithNature;天人合一;Book;
Item_StoneTrap;1077;StoneTrap;石化陷阱;Book;
Item_Portal;1078;Portal;空间之门;Book;
Item_CatTognue;1365;CatTognue;猫之舌;Book;
Item_MeteorShower;1366;MeteorShower;流星雨;Book;
Item_BattleCry;1367;BattleCry;战吼;Book;
Item_MirBoots;82;MirBoots;米尔战靴;Boots;
Item_WhiteGoldShoes;91;WhiteGoldShoes;白金战靴;Boots;
Item_WhiteGoldShoesH;96;WhiteGoldShoes(H);白金战靴（加强）;Boots;
Item_RedJadeShoes;101;RedJadeShoes;赤玉战靴;Boots;
Item_RedJadeShoesH;106;RedJadeShoes(H);赤玉战靴（加强）;Boots;
Item_NephriteShoes;111;NephriteShoes;碧玉战靴;Boots;
Item_NephriteShoesH;116;NephriteShoes(H);碧玉战靴（加强）;Boots;
Item_BootsOfStrength1;124;BootsOfStrength1;力量战靴1;Boots;
Item_BootsOfStrength2;126;BootsOfStrength2;力量战靴2;Boots;
Item_BootsOfStrength3;128;BootsOfStrength3;力量战靴3;Boots;
Item_BootsOfStrength4;130;BootsOfStrength4;力量战靴4;Boots;
Item_BootsOfStrength5;132;BootsOfStrength5;力量战靴5;Boots;
Item_TarragonBoots;135;TarragonBoots;泰拉冈战靴;Boots;
Item_RaidersBoots;176;RaidersBoots;掠夺者战靴;Boots;
Item_RaidersBoots1;177;RaidersBoots1;掠夺者战靴1;Boots;
Item_RaidersBoots2;178;RaidersBoots2;掠夺者战靴2;Boots;
Item_RaidersBoots3;179;RaidersBoots3;掠夺者战靴3;Boots;
Item_RaidersBoots4;180;RaidersBoots4;掠夺者战靴4;Boots;
Item_RaidersBoots5;181;RaidersBoots5;掠夺者战靴5;Boots;
Item_SparklingBoots;202;SparklingBoots;闪耀战靴;Boots;
Item_BootsOfDarkness;205;BootsOfDarkness;黑暗战靴;Boots;
Item_CheongboBootsWAR;208;CheongboBoots(WAR);青宝战靴·战士;Boots;
Item_CheongboBootsWIZ;211;CheongboBoots(WIZ);青宝战靴·法师;Boots;
Item_CheongboBootsTAO;214;CheongboBoots(TAO);青宝战靴·道士;Boots;
Item_CheongboBootsASSA;217;CheongboBoots(ASSA);青宝战靴·刺客;Boots;
Item_CheongboBootsARCH;220;CheongboBoots(ARCH);青宝战靴·弓手;Boots;
Item_RottenShoes;619;RottenShoes;腐烂皮鞋;Boots;
Item_LowShoes;620;LowShoes;粗布鞋;Boots;
Item_LeatherBoots;621;LeatherBoots;皮靴;Boots;
Item_SilkBoots;622;SilkBoots;丝绸靴;Boots;
Item_BlackBoots;623;BlackBoots;黑色战靴;Boots;
Item_DragonBoots;624;DragonBoots;龙纹战靴;Boots;
Item_RedScaleBoots;625;RedScaleBoots;赤鳞战靴;Boots;
Item_GoldPatternBoots;626;GoldPatternBoots;金纹战靴;Boots;
Item_OldLoafer;1180;OldLoafer;旧皮鞋;Boots;
Item_StrongLeatherShoes;1194;StrongLeatherShoes;结实皮鞋;Boots;
Item_SilkShoes;1212;SilkShoes;丝绸皮鞋;Boots;
Item_SolidBlackBoots;1235;SolidBlackBoots;纯黑战靴;Boots;
Item_GonryunHePublication寶;1451;GonryunHePublication(寶);昆仑鹤步战靴·宝;Boots;
Item_GonryunHePublication聖;1452;GonryunHePublication(聖);昆仑鹤步战靴·圣;Boots;
Item_GonryunHePublication神;1453;GonryunHePublication(神);昆仑鹤步战靴·神;Boots;
Item_GonryunHePublication聖物1;1463;GonryunHePublication(聖物)1;昆仑鹤步战靴·圣物1;Boots;
Item_GonryunHePublication聖物2;1464;GonryunHePublication(聖物)2;昆仑鹤步战靴·圣物2;Boots;
Item_GonryunHePublication聖物3;1465;GonryunHePublication(聖物)3;昆仑鹤步战靴·圣物3;Boots;
Item_GonryunHePublication聖物5;1466;GonryunHePublication(聖物)5;昆仑鹤步战靴·圣物5;Boots;
Item_GonryunHePublication聖物4;1467;GonryunHePublication(聖物)4;昆仑鹤步战靴·圣物4;Boots;
Item_GonryunHePublication寶物1;1468;GonryunHePublication(寶物)1;昆仑鹤步战靴·宝物1;Boots;
Item_GonryunHePublication寶物2;1469;GonryunHePublication(寶物)2;昆仑鹤步战靴·宝物2;Boots;
Item_GonryunHePublication寶物3;1470;GonryunHePublication(寶物)3;昆仑鹤步战靴·宝物3;Boots;
Item_GonryunHePublication寶物5;1471;GonryunHePublication(寶物)5;昆仑鹤步战靴·宝物5;Boots;
Item_GonryunHePublication寶物4;1472;GonryunHePublication(寶物)4;昆仑鹤步战靴·宝物4;Boots;
Item_GonryunHePublication神物1;1473;GonryunHePublication(神物)1;昆仑鹤步战靴·神物1;Boots;
Item_GonryunHePublication神物2;1474;GonryunHePublication(神物)2;昆仑鹤步战靴·神物2;Boots;
Item_GonryunHePublication神物3;1475;GonryunHePublication(神物)3;昆仑鹤步战靴·神物3;Boots;
Item_GonryunHePublication神物5;1476;GonryunHePublication(神物)5;昆仑鹤步战靴·神物5;Boots;
Item_GonryunHePublication神物4;1477;GonryunHePublication(神物)4;昆仑鹤步战靴·神物4;Boots;
Item_SpiritBracelet;9;SpiritBracelet;灵魂手镯;Bracelet;
Item_RecallBracelet;13;RecallBracelet;回城手镯;Bracelet;
Item_RedOrchidBracelet;16;RedOrchidBracelet;红兰手镯;Bracelet;
Item_RedFlowerBracelet;19;RedFlowerBracelet;红花手镯;Bracelet;
Item_SmashWheel;22;SmashWheel;碎魔轮;Bracelet;
Item_HwanDevilBracelet;25;HwanDevilBracelet;幻魔手镯;Bracelet;
Item_PurityBracelet;28;PurityBracelet;净化手镯;Bracelet;
Item_FiveStringBracelet;31;FiveStringBracelet;五弦手镯;Bracelet;
Item_MundaneGlove;33;MundaneGlove;粗布护腕;Bracelet;
Item_NokChiWheel;35;NokChiWheel;鹿齿轮;Bracelet;
Item_TaoProtectBracelet;37;TaoProtectBracelet;护道手镯;Bracelet;
Item_MirWheel;69;MirWheel;米尔法轮;Bracelet;
Item_MirWheel1;70;MirWheel1;米尔法轮1;Bracelet;
Item_MirWheel2;71;MirWheel2;米尔法轮2;Bracelet;
Item_MirWheel3;72;MirWheel3;米尔法轮3;Bracelet;
Item_MirWheel4;73;MirWheel4;米尔法轮4;Bracelet;
Item_MirWheel5;74;MirWheel5;米尔法轮5;Bracelet;
Item_BugBracelet;88;BugBracelet;虫蛀手镯;Bracelet;
Item_WhiteGoldBracelet;93;WhiteGoldBracelet;白金手镯;Bracelet;
Item_WhiteGoldBraceletH;98;WhiteGoldBracelet(H);白金手镯（加强）;Bracelet;
Item_RedJadeBracelet;103;RedJadeBracelet;赤玉手镯;Bracelet;
Item_RedJadeBraceletH;108;RedJadeBracelet(H);赤玉手镯（加强）;Bracelet;
Item_NephriteBracelet;113;NephriteBracelet;碧玉手镯;Bracelet;
Item_NephriteBraceletH;118;NephriteBracelet(H);碧玉手镯（加强）;Bracelet;
Item_MysteryWheel;121;MysteryWheel;神秘法轮;Bracelet;
Item_TarragonBracelet;136;TarragonBracelet;泰拉冈手镯;Bracelet;
Item_RaidersGlove;170;RaidersGlove;掠夺者护腕;Bracelet;
Item_RaidersGlove1;171;RaidersGlove1;掠夺者护腕1;Bracelet;
Item_RaidersGlove2;172;RaidersGlove2;掠夺者护腕2;Bracelet;
Item_RaidersGlove3;173;RaidersGlove3;掠夺者护腕3;Bracelet;
Item_RaidersGlove4;174;RaidersGlove4;掠夺者护腕4;Bracelet;
Item_RaidersGlove5;175;RaidersGlove5;掠夺者护腕5;Bracelet;
Item_BraceletOfAgony;194;BraceletOfAgony;苦痛手镯;Bracelet;
Item_BraceletOfAgony1;195;BraceletOfAgony1;苦痛手镯1;Bracelet;
Item_BraceletOfAgony2;196;BraceletOfAgony2;苦痛手镯2;Bracelet;
Item_BraceletOfAgony3;197;BraceletOfAgony3;苦痛手镯3;Bracelet;
Item_BraceletOfAgony4;198;BraceletOfAgony4;苦痛手镯4;Bracelet;
Item_BraceletOfAgony5;199;BraceletOfAgony5;苦痛手镯5;Bracelet;
Item_IronBracelet;476;IronBracelet;铁质手镯;Bracelet;
Item_ThinBracelet;477;ThinBracelet;细制手镯;Bracelet;
Item_LeatherGlove;478;LeatherGlove;皮质护腕;Bracelet;
Item_SilverBracelet;479;SilverBracelet;白银手镯;Bracelet;
Item_SteelBracelet;480;SteelBracelet;钢铁手镯;Bracelet;
Item_LargeBracelet;481;LargeBracelet;大型手镯;Bracelet;
Item_SharpBracelet;482;SharpBracelet;锋利手镯;Bracelet;
Item_HardGlove;483;HardGlove;坚硬护腕;Bracelet;
Item_MagicBracelet;484;MagicBracelet;魔力手镯;Bracelet;
Item_EvadeBracelet;485;EvadeBracelet;闪避手镯;Bracelet;
Item_EbonyBracelet;486;EbonyBracelet;乌木手镯;Bracelet;
Item_MonkBracelet;487;MonkBracelet;僧侣手镯;Bracelet;
Item_StrainBracelet;488;StrainBracelet;强韧手镯;Bracelet;
Item_DeathGauntlet;489;DeathGauntlet;死亡护手;Bracelet;
Item_GoldBracelet;490;GoldBracelet;黄金手镯;Bracelet;
Item_3rdEyeBracelet;491;3rdEyeBracelet;天眼手镯;Bracelet;
Item_BronzeGlove;492;BronzeGlove;青铜护腕;Bracelet;
Item_SpellBracelet;493;SpellBracelet;咒术手镯;Bracelet;
Item_KnightBracelet;494;KnightBracelet;骑士手镯;Bracelet;
Item_DragonBracelet;495;DragonBracelet;龙纹手镯;Bracelet;
Item_SoulSpringBracelet;496;SoulSpringBracelet;灵泉手镯;Bracelet;
Item_BlackIronBracelet;497;BlackIronBracelet;玄铁手镯;Bracelet;
Item_SteelGlove;498;SteelGlove;钢铁护腕;Bracelet;
Item_BracerOfMagic;499;BracerOfMagic;魔力护腕;Bracelet;
Item_TaoPowerBracelet;500;TaoPowerBracelet;道力手镯;Bracelet;
Item_SteelGauntlet;501;SteelGauntlet;钢铁护手;Bracelet;
Item_8TrigramWheel;502;8TrigramWheel;八卦轮;Bracelet;
Item_HangMaWheel;503;HangMaWheel;抗魔轮;Bracelet;
Item_BokMaWheel;504;BokMaWheel;驱魔轮;Bracelet;
Item_BaekTaGlove;505;BaekTaGlove;白塔护腕;Bracelet;
Item_SpiritReformer;506;SpiritReformer;灵魂调律手镯;Bracelet;
Item_HolyTaoWheel;507;HolyTaoWheel;圣道之轮;Bracelet;
Item_DualTitanAmulet;508;DualTitanAmulet;双泰坦手镯;Bracelet;
Item_EvilWhispAmulet;509;EvilWhispAmulet;邪灵手镯;Bracelet;
Item_SacredAngelAmulet;510;SacredAngelAmulet;圣天使手镯;Bracelet;
Item_WildTitanAmulet;511;WildTitanAmulet;狂暴泰坦手镯;Bracelet;
Item_EnchantedAmulet;512;EnchantedAmulet;魔咒手镯;Bracelet;
Item_FiveElementAmulet;513;FiveElementAmulet;五行手镯;Bracelet;
Item_PurpleFoxBracelet;514;PurpleFoxBracelet;紫狐手镯;Bracelet;
Item_RedFoxBracelet;515;RedFoxBracelet;赤狐手镯;Bracelet;
Item_BlueFoxBracelet;516;BlueFoxBracelet;蓝狐手镯;Bracelet;
Item_GreatPurpleFoxBrace;517;GreatPurpleFoxBrace;大紫狐手镯;Bracelet;
Item_GreatRedFoxBrace;518;GreatRedFoxBrace;大赤狐手镯;Bracelet;
Item_GreatBlueFoxBrace;519;GreatBlueFoxBrace;大蓝狐手镯;Bracelet;
Item_SurvivalBracelet;520;SurvivalBracelet;生存手镯;Bracelet;
Item_LunarBracelet;521;LunarBracelet;月华手镯;Bracelet;
Item_GoldenDragonBrace;522;GoldenDragonBrace;金龙手镯;Bracelet;
Item_GoldenDragonBrace1;523;GoldenDragonBrace1;金龙手镯1;Bracelet;
Item_GoldenDragonBrace2;524;GoldenDragonBrace2;金龙手镯2;Bracelet;
Item_GoldenDragonBrace3;525;GoldenDragonBrace3;金龙手镯3;Bracelet;
Item_GoldenDragonBrace4;526;GoldenDragonBrace4;金龙手镯4;Bracelet;
Item_GoldenDragonBrace5;527;GoldenDragonBrace5;金龙手镯5;Bracelet;
Item_EvilDragonBracelet;528;EvilDragonBracelet;邪龙手镯;Bracelet;
Item_EvilDragonBracelet1;529;EvilDragonBracelet1;邪龙手镯1;Bracelet;
Item_EvilDragonBracelet2;530;EvilDragonBracelet2;邪龙手镯2;Bracelet;
Item_EvilDragonBracelet3;531;EvilDragonBracelet3;邪龙手镯3;Bracelet;
Item_EvilDragonBracelet4;532;EvilDragonBracelet4;邪龙手镯4;Bracelet;
Item_EvilDragonBracelet5;533;EvilDragonBracelet5;邪龙手镯5;Bracelet;
Item_WornIronBracelet;1176;WornIronBracelet;破旧铁手镯;Bracelet;
Item_SteelBangle;1185;SteelBangle;钢铁镯;Bracelet;
Item_ToughGlove;1207;ToughGlove;结实护腕;Bracelet;
Item_MagicBangle;1208;MagicBangle;魔力镯;Bracelet;
Item_EbonyBangle;1210;EbonyBangle;乌木镯;Bracelet;
Item_MonkBangle;1211;MonkBangle;僧侣镯;Bracelet;
Item_BlackIronBangle;1245;BlackIronBangle;玄铁镯;Bracelet;
Item_UnstablePearll+9;1386;Unstable Pearll(+9);不稳定珍珠镯(+9);Bracelet;
Item_UnstablePearll+91;1388;UnstablePearll(+9)1;不稳定珍珠镯(+9)1;Bracelet;
Item_UnstablePearll+94;1389;UnstablePearll(+9)4;不稳定珍珠镯(+9)4;Bracelet;
Item_UnstablePearll+93;1390;UnstablePearll(+9)3;不稳定珍珠镯(+9)3;Bracelet;
Item_UnstablePearll+95;1391;UnstablePearll(+9)5;不稳定珍珠镯(+9)5;Bracelet;
Item_UnstablePearl+92;1392;UnstablePearl(+9)2;不稳定珍珠镯(+9)2;Bracelet;
Item_Gonryunpasackle寶;1523;Gonryunpasackle(寶);昆仑破邪手镯·宝;Bracelet;
Item_Gonryunpasackle寶1;1524;Gonryunpasackle(寶)1;昆仑破邪手镯·宝1;Bracelet;
Item_Gonryunpasackle寶2;1525;Gonryunpasackle(寶)2;昆仑破邪手镯·宝2;Bracelet;
Item_Gonryunpasackle寶3;1526;Gonryunpasackle(寶)3;昆仑破邪手镯·宝3;Bracelet;
Item_Gonryunpasackle寶4;1527;Gonryunpasackle(寶)4;昆仑破邪手镯·宝4;Bracelet;
Item_Gonryunpasackle寶5;1528;Gonryunpasackle(寶)5;昆仑破邪手镯·宝5;Bracelet;
Item_Gonryunpasackle聖;1529;Gonryunpasackle(聖);昆仑破邪手镯·圣;Bracelet;
Item_Gonryunpasackle聖1;1530;Gonryunpasackle(聖)1;昆仑破邪手镯·圣1;Bracelet;
Item_Gonryunpasackle聖2;1531;Gonryunpasackle(聖)2;昆仑破邪手镯·圣2;Bracelet;
Item_Gonryunpasackle聖3;1532;Gonryunpasackle(聖)3;昆仑破邪手镯·圣3;Bracelet;
Item_Gonryunpasackle聖4;1533;Gonryunpasackle(聖)4;昆仑破邪手镯·圣4;Bracelet;
Item_Gonryunpasackle聖5;1534;Gonryunpasackle(聖)5;昆仑破邪手镯·圣5;Bracelet;
Item_Gonryunpasackle神;1535;Gonryunpasackle(神);昆仑破邪手镯·神;Bracelet;
Item_Gonryunpasackle神1;1536;Gonryunpasackle(神)1;昆仑破邪手镯·神1;Bracelet;
Item_Gonryunpasackle神2;1537;Gonryunpasackle(神)2;昆仑破邪手镯·神2;Bracelet;
Item_Gonryunpasackle神3;1538;Gonryunpasackle(神)3;昆仑破邪手镯·神3;Bracelet;
Item_Gonryunpasackle神4;1539;Gonryunpasackle(神)4;昆仑破邪手镯·神4;Bracelet;
Item_Gonryunpasackle神5;1540;Gonryunpasackle(神)5;昆仑破邪手镯·神5;Bracelet;
Item_진TheessenceofDoom;1567;(진)The essence of Doom;（真）末日精华手镯;Bracelet;
Item_TheessenceofDoom;1568;The essence of Doom;末日精华手镯;Bracelet;
Item_BallOfDoom;1569;BallOfDoom;末日之球手镯;Bracelet;
Item_BallOfDoom1;1570;BallOfDoom1;末日之球手镯1;Bracelet;
Item_BallOfDoom2;1571;BallOfDoom2;末日之球手镯2;Bracelet;
Item_BallOfDoom3;1572;BallOfDoom3;末日之球手镯3;Bracelet;
Item_BallOfDoom4;1573;BallOfDoom4;末日之球手镯4;Bracelet;
Item_BallOfDoom5;1574;BallOfDoom5;末日之球手镯5;Bracelet;
Item_UnstablePearll+6;1587;UnstablePearll(+6);不稳定珍珠镯(+6);Bracelet;
Item_UnstablePearll+61;1588;UnstablePearll(+6)1;不稳定珍珠镯(+6)1;Bracelet;
Item_UnstablePearll+62;1589;UnstablePearll(+6)2;不稳定珍珠镯(+6)2;Bracelet;
Item_UnstablePearll+63;1590;UnstablePearll(+6)3;不稳定珍珠镯(+6)3;Bracelet;
Item_UnstablePearll+64;1591;UnstablePearll(+6)4;不稳定珍珠镯(+6)4;Bracelet;
Item_UnstablePearll+65;1592;UnstablePearll(+6)5;不稳定珍珠镯(+6)5;Bracelet;
Item_UnstablePearll+3;1593;UnstablePearll(+3);不稳定珍珠镯(+3);Bracelet;
Item_UnstablePearll+31;1594;UnstablePearll(+3)1;不稳定珍珠镯(+3)1;Bracelet;
Item_UnstablePearll+32;1595;UnstablePearll(+3)2;不稳定珍珠镯(+3)2;Bracelet;
Item_UnstablePearll+33;1596;UnstablePearll(+3)3;不稳定珍珠镯(+3)3;Bracelet;
Item_UnstablePearll+34;1597;UnstablePearll(+3)4;不稳定珍珠镯(+3)4;Bracelet;
Item_UnstablePearll+35;1598;UnstablePearll(+3)5;不稳定珍珠镯(+3)5;Bracelet;
Item_StoneMonster;1633;StoneMonster;石像怪手镯;Bracelet;
Item_StoneMonster1;1634;StoneMonster1;石像怪手镯1;Bracelet;
Item_StoneMonster2;1635;StoneMonster2;石像怪手镯2;Bracelet;
Item_StoneMonster3;1636;StoneMonster3;石像怪手镯3;Bracelet;
Item_StoneMonster4;1637;StoneMonster4;石像怪手镯4;Bracelet;
Item_StoneMonster5;1638;StoneMonster5;石像怪手镯5;Bracelet;
Item_ArmourBookDC;812;ArmourBook(DC);护甲之书（物攻）;CraftingMaterial;
Item_ArmourBookMC;813;ArmourBook(MC);护甲之书（魔攻）;CraftingMaterial;
Item_ArmourBookSC;814;ArmourBook(SC);护甲之书（道攻）;CraftingMaterial;
Item_ArmourBookACC;815;ArmourBook(ACC);护甲之书（命中）;CraftingMaterial;
Item_RustyArmour;816;RustyArmour;生锈铠甲;CraftingMaterial;
Item_Translucent;817;Translucent;透明结晶;CraftingMaterial;
Item_HavocCrystal;818;HavocCrystal;混沌水晶;CraftingMaterial;
Item_BookofMana;819;BookofMana;魔力之书;CraftingMaterial;
Item_BookofSpirit;820;BookofSpirit;灵魂之书;CraftingMaterial;
Item_ArmourCastTool;821;ArmourCastTool;护甲铸造工具;CraftingMaterial;
Item_MossyBox;822;MossyBox;覆苔宝箱;CraftingMaterial;
Item_StrongRope;823;StrongRope;结实绳索;CraftingMaterial;
Item_Feather;857;Feather;羽毛;CraftingMaterial;
Item_BrownChestnut;858;BrownChestnut;褐色栗子;CraftingMaterial;
Item_BronzeChestnut;859;BronzeChestnut;青铜栗子;CraftingMaterial;
Item_SilverChestnut;860;SilverChestnut;白银栗子;CraftingMaterial;
Item_GoldChestnut;861;GoldChestnut;黄金栗子;CraftingMaterial;
Item_Cherry;862;Cherry;樱桃;CraftingMaterial;
Item_Mushroom;863;Mushroom;蘑菇;CraftingMaterial;
Item_EbonyFruit;864;EbonyFruit;乌木果;CraftingMaterial;
Item_Timber;865;Timber;木材;CraftingMaterial;
Item_CannibalLeaf;866;CannibalLeaf;食人花叶;CraftingMaterial;
Item_CannibalFruit;867;CannibalFruit;食人花果;CraftingMaterial;
Item_SpiderTeeth;868;SpiderTeeth;蜘蛛獠牙;CraftingMaterial;
Item_SpiderWeb;869;SpiderWeb;蜘蛛网;CraftingMaterial;
Item_WoomaHorn;870;WoomaHorn;祖玛之角;CraftingMaterial;
Item_ZumaRelic;871;ZumaRelic;祖玛圣物;CraftingMaterial;
Item_MaggotPill;872;MaggotPill;腐虫药丸;CraftingMaterial;
Item_ScorpionTail;873;ScorpionTail;蝎尾;CraftingMaterial;
Item_Bone;874;Bone;骨头;CraftingMaterial;
Item_LargeBone;875;LargeBone;大块骨头;CraftingMaterial;
Item_SkyStingerEgg;876;SkyStingerEgg;天刺卵;CraftingMaterial;
Item_Mandible;877;Mandible;下颚骨;CraftingMaterial;
Item_BugEye;878;BugEye;昆虫复眼;CraftingMaterial;
Item_BugLeg;879;BugLeg;虫腿;CraftingMaterial;
Item_BugShell;880;BugShell;虫壳;CraftingMaterial;
Item_WhiteThread;881;WhiteThread;白丝线;CraftingMaterial;
Item_RedThread;882;RedThread;红丝线;CraftingMaterial;
Item_BlackThread;883;BlackThread;黑丝线;CraftingMaterial;
Item_RedEyeSkull;884;RedEyeSkull;红眼骷髅;CraftingMaterial;
Item_DragonScale;885;DragonScale;龙鳞;CraftingMaterial;
Item_WindMarble;886;WindMarble;风之石珠;CraftingMaterial;
Item_EvasionMarble;887;EvasionMarble;闪避石珠;CraftingMaterial;
Item_FocusMarble;888;FocusMarble;专注石珠;CraftingMaterial;
Item_PoisonMarble;889;PoisonMarble;毒素石珠;CraftingMaterial;
Item_IceMarble;890;IceMarble;冰冻石珠;CraftingMaterial;
Item_WillMarble;891;WillMarble;意志石珠;CraftingMaterial;
Item_AntidoteMarble;892;AntidoteMarble;解毒石珠;CraftingMaterial;
Item_String;893;String;细绳;CraftingMaterial;
Item_HealingLetter;894;HealingLetter;治愈信件;CraftingMaterial;
Item_DeerHorn;895;DeerHorn;鹿角;CraftingMaterial;
Item_DeerBlood;896;DeerBlood;鹿血;CraftingMaterial;
Item_RedMoonChip;901;RedMoonChip;赤月晶片;CraftingMaterial;
Item_EvilApeOil;902;EvilApeOil;恶猿之油;CraftingMaterial;
Item_EvilApeHeart;903;EvilApeHeart;恶猿之心;CraftingMaterial;
Item_JadeCrystal;904;JadeCrystal;玉髓水晶;CraftingMaterial;
Item_DemonLeather;905;DemonLeather;恶魔皮革;CraftingMaterial;
Item_UndeadLeather;906;UndeadLeather;亡灵皮革;CraftingMaterial;
Item_MammothLeather;907;MammothLeather;猛犸皮革;CraftingMaterial;
Item_BeastLeather;908;BeastLeather;野兽皮革;CraftingMaterial;
Item_LightLeather;909;LightLeather;轻皮革;CraftingMaterial;
Item_BaboonLeather;910;BaboonLeather;山魈皮革;CraftingMaterial;
Item_RhinoLeather;911;RhinoLeather;犀牛皮革;CraftingMaterial;
Item_AncientLeather;912;AncientLeather;远古皮革;CraftingMaterial;
Item_CraftingBook;1348;CraftingBook;制造手册;CraftingMaterial;
Item_FishDetector;800;FishDetector;鱼群探测器;Finder;
Item_PremiumFinder;801;PremiumFinder;高级探鱼器;Finder;
Item_Walleye;804;Walleye;大眼鱼;Fish;
Item_SwordFish;805;SwordFish;剑鱼;Fish;
Item_RockBass;806;RockBass;岩鲈;Fish;
Item_Trout;807;Trout;鳟鱼;Fish;
Item_FishingFloat;796;FishingFloat;浮漂;Float;
Item_PremiumFloat;797;PremiumFloat;高级浮漂;Float;
Item_RawMeat;791;RawMeat;生肉;Food;
Item_LeanMeat;792;LeanMeat;精瘦肉;Food;
Item_BraveryGem;734;BraveryGem;勇气宝石;Gem;
Item_MagicGem;735;MagicGem;魔力宝石;Gem;
Item_SoulGem;736;SoulGem;灵魂宝石;Gem;
Item_ProtectionGem;737;ProtectionGem;守护宝石;Gem;
Item_EvilSlayerGem;738;EvilSlayerGem;屠魔宝石;Gem;
Item_DurabilityGem;739;DurabilityGem;耐久宝石;Gem;
Item_StormGem;740;StormGem;风暴宝石;Gem;
Item_AgilityGem;741;AgilityGem;敏捷宝石;Gem;
Item_AccuracyGem;742;AccuracyGem;命中宝石;Gem;
Item_PoisonGem;743;PoisonGem;毒素宝石;Gem;
Item_FreezingGem;744;FreezingGem;冰冻宝石;Gem;
Item_DisillusionGem;745;DisillusionGem;破幻宝石;Gem;
Item_EnduranceGem;746;EnduranceGem;坚韧宝石;Gem;
Item_BraveryOrb;747;BraveryOrb;勇气灵珠;Gem;
Item_MagicOrb;748;MagicOrb;魔力灵珠;Gem;
Item_SoulOrb;749;SoulOrb;灵魂灵珠;Gem;
Item_ProtectionOrb;750;ProtectionOrb;守护灵珠;Gem;
Item_EvilSlayerOrb;751;EvilSlayerOrb;屠魔灵珠;Gem;
Item_DurabilityOrb;752;DurabilityOrb;耐久灵珠;Gem;
Item_StormOrb;753;StormOrb;风暴灵珠;Gem;
Item_AgilityOrb;754;AgilityOrb;敏捷灵珠;Gem;
Item_AccuracyOrb;755;AccuracyOrb;命中灵珠;Gem;
Item_PoisonOrb;756;PoisonOrb;毒素灵珠;Gem;
Item_FreezingOrb;757;FreezingOrb;冰冻灵珠;Gem;
Item_DisillusionOrb;758;DisillusionOrb;破幻灵珠;Gem;
Item_EnduranceOrb;759;EnduranceOrb;坚韧灵珠;Gem;
Item_SewingGoods;760;SewingGoods;缝纫用品;Gem;
Item_BoneHammer;761;BoneHammer;骨锤;Gem;
Item_GreaterSewingGoods;762;GreaterSewingGoods;高级缝纫用品;Gem;
Item_GreaterBoneHammer;763;GreaterBoneHammer;强化骨锤;Gem;
Item_HyeoncheonMaseok;1403;Hyeoncheon Maseok;玄天魔石;Gem;
Item_SpiritHelmet;7;SpiritHelmet;灵魂头盔;Helmet;
Item_RecallHelmet;11;RecallHelmet;回城头盔;Helmet;
Item_MirHelmet;57;MirHelmet;米尔头盔;Helmet;
Item_MirHelmet1;58;MirHelmet1;米尔头盔1;Helmet;
Item_MirHelmet2;59;MirHelmet2;米尔头盔2;Helmet;
Item_MirHelmet3;60;MirHelmet3;米尔头盔3;Helmet;
Item_MirHelmet4;61;MirHelmet4;米尔头盔4;Helmet;
Item_MirHelmet5;62;MirHelmet5;米尔头盔5;Helmet;
Item_BoneHood;86;BoneHood;白骨兜帽;Helmet;
Item_MysteryHelmet;120;MysteryHelmet;神秘头盔;Helmet;
Item_TarragonHelmet;134;TarragonHelmet;泰拉冈头盔;Helmet;
Item_RaidersHelmet;164;RaidersHelmet;掠夺者头盔;Helmet;
Item_RaidersHelmet1;165;RaidersHelmet1;掠夺者头盔1;Helmet;
Item_RaidersHelmet2;166;RaidersHelmet2;掠夺者头盔2;Helmet;
Item_RaidersHelmet3;167;RaidersHelmet3;掠夺者头盔3;Helmet;
Item_RaidersHelmet4;168;RaidersHelmet4;掠夺者头盔4;Helmet;
Item_RaidersHelmet5;169;RaidersHelmet5;掠夺者头盔5;Helmet;
Item_SparklingHelmet;200;SparklingHelmet;闪耀头盔;Helmet;
Item_HelmetOfDarkness;203;HelmetOfDarkness;黑暗头盔;Helmet;
Item_CheongboHelmetWAR;206;CheongboHelmet(WAR);青宝头盔·战士;Helmet;
Item_CheongboHelmetWIZ;209;CheongboHelmet(WIZ);青宝头盔·法师;Helmet;
Item_CheongboHelmetTAO;212;CheongboHelmet(TAO);青宝头盔·道士;Helmet;
Item_CheongboHelmetASSA;215;CheongboHelmet(ASSA);青宝头盔·刺客;Helmet;
Item_CheongboHelmetARCH;218;CheongboHelmet(ARCH);青宝头盔·弓手;Helmet;
Item_BronzeHelmet;595;BronzeHelmet;青铜头盔;Helmet;
Item_MagicHelmet;596;MagicHelmet;魔法头盔;Helmet;
Item_BrassHelmet;597;BrassHelmet;黄铜头盔;Helmet;
Item_GoldenTiara;598;GoldenTiara;黄金头饰;Helmet;
Item_SkeletonHelmet;599;SkeletonHelmet;骷髅头盔;Helmet;
Item_ShamanHelmet;600;ShamanHelmet;萨满头盔;Helmet;
Item_SteelHelmet;601;SteelHelmet;钢铁头盔;Helmet;
Item_HelmetOfHero;602;HelmetOfHero;英雄头盔;Helmet;
Item_BlackIronHelmet;603;BlackIronHelmet;玄铁头盔;Helmet;
Item_GreatHelmet;604;GreatHelmet;巨型头盔;Helmet;
Item_WisdomCoronet;605;WisdomCoronet;智慧冠冕;Helmet;
Item_TaoCoronet;606;TaoCoronet;道冠冕;Helmet;
Item_RoyalHelmet;607;RoyalHelmet;皇家头盔;Helmet;
Item_HelmetOfKings;608;HelmetOfKings;王者头盔;Helmet;
Item_HelmetOfSorcery;609;HelmetOfSorcery;巫术头盔;Helmet;
Item_PurifiedMask;610;PurifiedMask;净化面罩;Helmet;
Item_DemonShadow;611;DemonShadow;魔影头盔;Helmet;
Item_SuperiorBronzeHelmet;1193;SuperiorBronzeHelmet;上等青铜头盔;Helmet;
Item_SuperiorMagicHelmet;1201;SuperiorMagicHelmet;上等魔法头盔;Helmet;
Item_GonryunSanggwan寶;1457;GonryunSanggwan(寶);昆仑头冠·宝;Helmet;
Item_GonryunSanggwan聖;1458;GonryunSanggwan(聖);昆仑头冠·圣;Helmet;
Item_GonryunSanggwan神;1459;GonryunSanggwan(神);昆仑头冠·神;Helmet;
Item_GonryunSanggwan寶1;1493;GonryunSanggwan(寶)1;昆仑头冠·宝1;Helmet;
Item_GonryunSanggwan寶2;1494;GonryunSanggwan(寶)2;昆仑头冠·宝2;Helmet;
Item_GonryunSanggwan寶3;1495;GonryunSanggwan(寶)3;昆仑头冠·宝3;Helmet;
Item_GonryunSanggwan寶4;1496;GonryunSanggwan(寶)4;昆仑头冠·宝4;Helmet;
Item_GonryunSanggwan寶5;1497;GonryunSanggwan(寶)5;昆仑头冠·宝5;Helmet;
Item_GonryunSanggwan聖1;1498;GonryunSanggwan(聖)1;昆仑头冠·圣1;Helmet;
Item_GonryunSanggwan聖2;1499;GonryunSanggwan(聖)2;昆仑头冠·圣2;Helmet;
Item_GonryunSanggwan聖3;1500;GonryunSanggwan(聖)3;昆仑头冠·圣3;Helmet;
Item_GonryunSanggwan聖4;1501;GonryunSanggwan(聖)4;昆仑头冠·圣4;Helmet;
Item_GonryunSanggwan聖5;1502;GonryunSanggwan(聖)5;昆仑头冠·圣5;Helmet;
Item_GonryunSanggwan神1;1503;GonryunSanggwan(神)1;昆仑头冠·神1;Helmet;
Item_GonryunSanggwan神2;1504;GonryunSanggwan(神)2;昆仑头冠·神2;Helmet;
Item_GonryunSanggwan神3;1505;GonryunSanggwan(神)3;昆仑头冠·神3;Helmet;
Item_GonryunSanggwan神4;1506;GonryunSanggwan(神)4;昆仑头冠·神4;Helmet;
Item_GonryunSanggwan神5;1507;GonryunSanggwan(神)5;昆仑头冠·神5;Helmet;
Item_FishingHook;795;FishingHook;鱼钩;Hook;
Item_LeatherMask;786;LeatherMask;皮面具;Mask;
Item_WhiteMask;787;WhiteMask;白面具;Mask;
Item_BlackMask;788;BlackMask;黑面具;Mask;
Item_SilverMask;789;SilverMask;白银面具;Mask;
Item_TitaniumMask;790;TitaniumMask;钛金面具;Mask;
Item_Chicken;850;Chicken;鸡肉;Meat;
Item_Pork;851;Pork;猪肉;Meat;
Item_Beef;852;Beef;牛肉;Meat;
Item_Venison;853;Venison;鹿肉;Meat;
Item_Mutton;854;Mutton;羊肉;Meat;
Item_Meat;855;Meat;肉块;Meat;
Item_BengalTiger;764;BengalTiger;孟加拉虎;Mount;
Item_BlueTiger;765;BlueTiger;蓝虎;Mount;
Item_BlackLeopard;766;BlackLeopard;黑豹;Mount;
Item_IceLeopard;767;IceLeopard;冰豹;Mount;
Item_PantheraTiger;768;PantheraTiger;猛虎;Mount;
Item_RedTiger;769;RedTiger;赤虎;Mount;
Item_WhiteTiger;770;WhiteTiger;白虎;Mount;
Item_Wolf;771;Wolf;野狼;Mount;
Item_BrownWolf;772;BrownWolf;棕狼;Mount;
Item_BlueWolf;773;BlueWolf;蓝狼;Mount;
Item_BlackWolf;774;BlackWolf;黑狼;Mount;
Item_WhiteWolf;775;WhiteWolf;白狼;Mount;
Item_SpiritNecklace;8;SpiritNecklace;灵魂项链;Necklace;
Item_RecallNecklace;12;RecallNecklace;回城项链;Necklace;
Item_RedOrchidNecklace;15;RedOrchidNecklace;红兰项链;Necklace;
Item_RedFlowerNecklace;18;RedFlowerNecklace;红花项链;Necklace;
Item_SmashPendulum;21;SmashPendulum;碎魔坠;Necklace;
Item_HwanDevilNecklace;24;HwanDevilNecklace;幻魔项链;Necklace;
Item_PurityNecklace;27;PurityNecklace;净化项链;Necklace;
Item_FiveStringNecklace;30;FiveStringNecklace;五弦项链;Necklace;
Item_MirNecklace;63;MirNecklace;米尔项链;Necklace;
Item_MirNecklace1;64;MirNecklace1;米尔项链1;Necklace;
Item_MirNecklace2;65;MirNecklace2;米尔项链2;Necklace;
Item_MirNecklace3;66;MirNecklace3;米尔项链3;Necklace;
Item_MirNecklace4;67;MirNecklace4;米尔项链4;Necklace;
Item_MirNecklace5;68;MirNecklace5;米尔项链5;Necklace;
Item_BugNecklace;87;BugNecklace;虫蛀项链;Necklace;
Item_WhiteGoldNecklace;92;WhiteGoldNecklace;白金项链;Necklace;
Item_WhiteGoldNecklaceH;97;WhiteGoldNecklace(H);白金项链（加强）;Necklace;
Item_RedJadeNecklace;102;RedJadeNecklace;赤玉项链;Necklace;
Item_RedJadeNecklaceH;107;RedJadeNecklace(H);赤玉项链（加强）;Necklace;
Item_NephriteNecklace;112;NephriteNecklace;碧玉项链;Necklace;
Item_NephriteNecklaceH;117;NephriteNecklace(H);碧玉项链（加强）;Necklace;
Item_TarragonNecklace;139;TarragonNecklace;泰拉冈项链;Necklace;
Item_NecklaceOfAgony;182;NecklaceOfAgony;苦痛项链;Necklace;
Item_NecklaceOfAgony1;183;NecklaceOfAgony1;苦痛项链1;Necklace;
Item_NecklaceOfAgony2;184;NecklaceOfAgony2;苦痛项链2;Necklace;
Item_NecklaceOfAgony3;185;NecklaceOfAgony3;苦痛项链3;Necklace;
Item_NecklaceOfAgony4;186;NecklaceOfAgony4;苦痛项链4;Necklace;
Item_NecklaceOfAgony5;187;NecklaceOfAgony5;苦痛项链5;Necklace;
Item_GoldNecklace;534;GoldNecklace;黄金项链;Necklace;
Item_PrecisionNecklace;535;PrecisionNecklace;精准项链;Necklace;
Item_BlackNecklace;536;BlackNecklace;黑色项链;Necklace;
Item_EbonyNecklace;537;EbonyNecklace;乌木项链;Necklace;
Item_YellowNecklace;538;YellowNecklace;黄色项链;Necklace;
Item_PlatinumNecklace;539;PlatinumNecklace;铂金项链;Necklace;
Item_JadeNecklace;540;JadeNecklace;玉石项链;Necklace;
Item_TigerNecklace;541;TigerNecklace;虎牙项链;Necklace;
Item_ElusionNecklace;542;ElusionNecklace;闪避项链;Necklace;
Item_NagaNecklace;543;NagaNecklace;娜迦项链;Necklace;
Item_AmberNecklace;544;AmberNecklace;琥珀项链;Necklace;
Item_PhoenixBead;545;PhoenixBead;凤凰念珠;Necklace;
Item_LanternNecklace;546;LanternNecklace;灯笼项链;Necklace;
Item_GaleNecklace;547;GaleNecklace;疾风项链;Necklace;
Item_WarriorNecklace;548;WarriorNecklace;战士项链;Necklace;
Item_BlueCrystalNecklace;549;BlueCrystalNecklace;蓝晶项链;Necklace;
Item_BlueJadeNecklace;550;BlueJadeNecklace;蓝玉项链;Necklace;
Item_ConvexLens;551;ConvexLens;凸透镜坠;Necklace;
Item_BambooPipe;552;BambooPipe;竹笛;Necklace;
Item_BlueThunderNecklace;553;BlueThunderNecklace;蓝雷项链;Necklace;
Item_SpiritPowerNecklace;554;SpiritPowerNecklace;灵力项链;Necklace;
Item_ClawNecklace;555;ClawNecklace;利爪项链;Necklace;
Item_LifeNecklace;556;LifeNecklace;生命项链;Necklace;
Item_PearlNecklace;557;PearlNecklace;珍珠项链;Necklace;
Item_AmethystNecklace;558;AmethystNecklace;紫晶项链;Necklace;
Item_DemonicBells;559;DemonicBells;魔铃项链;Necklace;
Item_SoulNecklace;560;SoulNecklace;灵魂项链;Necklace;
Item_GreenBead;561;GreenBead;翠玉念珠;Necklace;
Item_HeroNecklace;562;HeroNecklace;英雄项链;Necklace;
Item_AdamantineNecklace;563;AdamantineNecklace;精金项链;Necklace;
Item_RequiemNecklace;564;RequiemNecklace;安魂项链;Necklace;
Item_CuspidNecklace;565;CuspidNecklace;尖牙项链;Necklace;
Item_SorceryAnchor;566;SorceryAnchor;巫术坠饰;Necklace;
Item_PurifiedMirror;567;PurifiedMirror;净化之镜;Necklace;
Item_AdamantNecklace;568;AdamantNecklace;坚钢项链;Necklace;
Item_EvilTriangle;569;EvilTriangle;邪恶三角坠;Necklace;
Item_CrossPurified;570;CrossPurified;净化十字坠;Necklace;
Item_PurpleFoxCollar;571;PurpleFoxCollar;紫狐项圈;Necklace;
Item_RedFoxCollar;572;RedFoxCollar;赤狐项圈;Necklace;
Item_BlueFoxCollar;573;BlueFoxCollar;蓝狐项圈;Necklace;
Item_GreatPurpleFoxCollar;574;GreatPurpleFoxCollar;大紫狐项圈;Necklace;
Item_GreatRedFoxCollar;575;GreatRedFoxCollar;大赤狐项圈;Necklace;
Item_GreatBlueFoxCollar;576;GreatBlueFoxCollar;大蓝狐项圈;Necklace;
Item_SurvivalNecklace;577;SurvivalNecklace;生存项链;Necklace;
Item_DemonMask;578;DemonMask;魔面具坠;Necklace;
Item_VioletOrb;579;VioletOrb;紫罗灵珠坠;Necklace;
Item_KunroonTear;580;KunroonTear;昆仑之泪;Necklace;
Item_DragonNecklace;581;DragonNecklace;龙纹项链;Necklace;
Item_DragonNecklace1;582;DragonNecklace1;龙纹项链1;Necklace;
Item_DragonNecklace2;583;DragonNecklace2;龙纹项链2;Necklace;
Item_DragonNecklace3;584;DragonNecklace3;龙纹项链3;Necklace;
Item_DragonNecklace4;585;DragonNecklace4;龙纹项链4;Necklace;
Item_DragonNecklace5;586;DragonNecklace5;龙纹项链5;Necklace;
Item_DragonPendant;587;DragonPendant;龙纹坠饰;Necklace;
Item_DragonPendant1;588;DragonPendant1;龙纹坠饰1;Necklace;
Item_DragonPendant2;589;DragonPendant2;龙纹坠饰2;Necklace;
Item_DragonPendant3;590;DragonPendant3;龙纹坠饰3;Necklace;
Item_DragonPendant4;591;DragonPendant4;龙纹坠饰4;Necklace;
Item_DragonPendant5;592;DragonPendant5;龙纹坠饰5;Necklace;
Item_ProbeNecklace;593;ProbeNecklace;探测项链;Necklace;
Item_SkillNecklace;594;SkillNecklace;技能项链;Necklace;
Item_GoldenPendant;1171;GoldenPendant;黄金坠饰;Necklace;
Item_PrecisionPendant;1181;PrecisionPendant;精准坠饰;Necklace;
Item_BlackCrystalPendant;1187;BlackCrystalPendant;黑晶坠饰;Necklace;
Item_EbonyPendant;1188;EbonyPendant;乌木坠饰;Necklace;
Item_YellowCrystalPendant;1189;YellowCrystalPendant;黄晶坠饰;Necklace;
Item_OldNagaNecklace;1203;OldNagaNecklace;旧娜迦项链;Necklace;
Item_AmberPendant;1204;AmberPendant;琥珀坠饰;Necklace;
Item_WornBeadofPhoenix;1205;WornBeadofPhoenix;破损凤凰念珠;Necklace;
Item_BlueJadePendant;1231;BlueJadePendant;蓝玉坠饰;Necklace;
Item_ClawPendant;1236;ClawPendant;利爪坠饰;Necklace;
Item_FireConvexLens;1237;FireConvexLens;火焰凸透镜坠;Necklace;
Item_StrongBambooFlute;1238;StrongBambooFlute;结实竹笛;Necklace;
Item_GonryunYeoseonru寶;1460;GonryunYeoseonru(寶);昆仑灵露项链·宝;Necklace;
Item_GonryunYeoseonru聖;1461;GonryunYeoseonru(聖);昆仑灵露项链·圣;Necklace;
Item_GonryunYeoseonru神;1462;GonryunYeoseonru(神);昆仑灵露项链·神;Necklace;
Item_GonryunYeoseonru寶1;1478;GonryunYeoseonru(寶)1;昆仑灵露项链·宝1;Necklace;
Item_GonryunYeoseonru寶2;1479;GonryunYeoseonru(寶)2;昆仑灵露项链·宝2;Necklace;
Item_GonryunYeoseonru寶3;1480;GonryunYeoseonru(寶)3;昆仑灵露项链·宝3;Necklace;
Item_GonryunYeoseonru寶5;1481;GonryunYeoseonru(寶)5;昆仑灵露项链·宝5;Necklace;
Item_GonryunYeoseonru寶4;1482;GonryunYeoseonru(寶)4;昆仑灵露项链·宝4;Necklace;
Item_GonryunYeoseonru聖1;1483;GonryunYeoseonru(聖)1;昆仑灵露项链·圣1;Necklace;
Item_GonryunYeoseonru聖2;1484;GonryunYeoseonru(聖)2;昆仑灵露项链·圣2;Necklace;
Item_GonryunYeoseonru聖3;1485;GonryunYeoseonru(聖)3;昆仑灵露项链·圣3;Necklace;
Item_GonryunYeoseonru聖5;1486;GonryunYeoseonru(聖)5;昆仑灵露项链·圣5;Necklace;
Item_GonryunYeoseonru聖4;1487;GonryunYeoseonru(聖)4;昆仑灵露项链·圣4;Necklace;
Item_GonryunYeoseonru神1;1488;GonryunYeoseonru(神)1;昆仑灵露项链·神1;Necklace;
Item_GonryunYeoseonru神2;1489;GonryunYeoseonru(神)2;昆仑灵露项链·神2;Necklace;
Item_GonryunYeoseonru神3;1490;GonryunYeoseonru(神)3;昆仑灵露项链·神3;Necklace;
Item_GonryunYeoseonru神4;1491;GonryunYeoseonru(神)4;昆仑灵露项链·神4;Necklace;
Item_GonryunYeoseonru神5;1492;GonryunYeoseonru(神)5;昆仑灵露项链·神5;Necklace;
Item_Invitation;715;Invitation;邀请函;Nothing;
Item_Stamp;838;Stamp;印章;Nothing;
Item_GoldBar;839;GoldBar;金条;Nothing;
Item_GoldBarBundle;840;GoldBarBundle;金条捆;Nothing;
Item_GoldChest;841;GoldChest;黄金宝箱;Nothing;
Item_GambleChip;842;GambleChip;赌博筹码;Nothing;
Item_Dice;843;Dice;骰子;Nothing;
Item_UnknownOrb;844;UnknownOrb;未知宝珠;Nothing;
Item_AdmissionOrb;845;AdmissionOrb;入场宝珠;Nothing;
Item_ScrollOfSeal;846;ScrollOfSeal;封印卷轴;Nothing;
Item_GuardianOrb;847;GuardianOrb;守护宝珠;Nothing;
Item_BichonToken;848;BichonToken;比奇令牌;Nothing;
Item_TimeStonePiece;849;TimeStonePiece;时间之石碎片;Nothing;
Item_WoomaHeart;1079;WoomaHeart;沃玛之心;Nothing;
Item_StoneHeart;1080;StoneHeart;石之心;Nothing;
Item_PrajnaHeart;1081;PrajnaHeart;般若之心;Nothing;
Item_ZumaHeart;1082;ZumaHeart;祖玛之心;Nothing;
Item_SnakeWine;1121;SnakeWine;蛇酒;Nothing;
Item_GuardRental[7d];1290;GuardRental[7d];守卫租赁（7天）;Nothing;
Item_MysteriousStone[3d];1294;MysteriousStone[3d];神秘之石（3天）;Nothing;
Item_WhiteWine;1329;WhiteWine;白葡萄酒;Nothing;
Item_RedWine;1330;RedWine;红葡萄酒;Nothing;
Item_Wine;1331;Wine;葡萄酒;Nothing;
Item_CannibalWine;1332;CannibalWine;食人酒;Nothing;
Item_SpiderWine;1333;SpiderWine;蜘蛛酒;Nothing;
Item_MongchonWine;1334;MongchonWine;盟重酒;Nothing;
Item_BloodWine;1335;BloodWine;血酒;Nothing;
Item_PremiumPass[1d];1342;PremiumPass[1d];高级通行证（1天）;Nothing;
Item_PremiumPass[3d];1343;PremiumPass[3d];高级通行证（3天）;Nothing;
Item_PremiumPass[7d];1344;PremiumPass[7d];高级通行证（7天）;Nothing;
Item_PremiumPass[15d];1345;PremiumPass[15d];高级通行证（15天）;Nothing;
Item_CopperOre;824;CopperOre;铜矿石;Ore;
Item_IronOre;825;IronOre;铁矿石;Ore;
Item_SilverOre;826;SilverOre;银矿石;Ore;
Item_GoldOre;827;GoldOre;金矿石;Ore;
Item_BlackIronOre;828;BlackIronOre;玄铁矿石;Ore;
Item_Amethyst;829;Amethyst;紫水晶;Ore;
Item_Ruby;830;Ruby;红宝石;Ore;
Item_Platinum;831;Platinum;白金矿石;Ore;
Item_Nephrite;832;Nephrite;碧玉原石;Ore;
Item_AdamintineOre;833;AdamintineOre;精金矿石;Ore;
Item_EmeraldOre;834;EmeraldOre;绿宝石矿;Ore;
Item_OlivineOre;835;OlivineOre;橄榄石矿;Ore;
Item_BabyPigEgg;941;BabyPigEgg;小猪蛋;Pets;
Item_ChickEgg;942;ChickEgg;小鸡蛋;Pets;
Item_KittenEgg;943;KittenEgg;小猫蛋;Pets;
Item_SkeletonEgg;944;SkeletonEgg;骷髅蛋;Pets;
Item_BaekdonEgg;945;BaekdonEgg;白顿蛋;Pets;
Item_WimaenEgg;946;WimaenEgg;维玛恩蛋;Pets;
Item_BlackKittenEgg;947;BlackKittenEgg;黑猫蛋;Pets;
Item_BabyDragonEgg;948;BabyDragonEgg;幼龙蛋;Pets;
Item_OlympicEgg;949;OlympicEgg;奥运蛋;Pets;
Item_SnowManEgg;950;SnowManEgg;雪人蛋;Pets;
Item_FrogEgg;951;FrogEgg;青蛙蛋;Pets;
Item_CreatureMirror;952;CreatureMirror;灵兽之镜;Pets;
Item_BlackCreatureStone;953;BlackCreatureStone;黑色灵兽石;Pets;
Item_CreatureNuts;954;CreatureNuts;灵兽坚果;Pets;
Item_FairyMoss;955;FairyMoss;精灵苔;Pets;
Item_FreshwaterClam;956;FreshwaterClam;淡水蛤蜊;Pets;
Item_Mackerel;957;Mackerel;鲭鱼;Pets;
Item_Cherries;958;Cherries;樱桃;Pets;
Item_WonderPill;959;WonderPill;奇迹丹药;Pets;
Item_WonderBoxS;960;WonderBox(S);奇迹礼盒（小）;Pets;
Item_WonderBoxM;961;WonderBox(M);奇迹礼盒（中）;Pets;
Item_WonderBoxL;962;WonderBox(L);奇迹礼盒（大）;Pets;
Item_WonderDrugEXP;963;WonderDrug(EXP);奇迹药水（经验）;Pets;
Item_WonderDrugDROP;964;WonderDrug(DROP);奇迹药水（掉率）;Pets;
Item_WonderDrugHP;965;WonderDrug(HP);奇迹药水（生命）;Pets;
Item_WonderDrugMP;966;WonderDrug(MP);奇迹药水（魔法）;Pets;
Item_WonderDrugAC;967;WonderDrug(AC);奇迹药水（防御）;Pets;
Item_WonderDrugMAC;968;WonderDrug(MAC);奇迹药水（魔防）;Pets;
Item_WonderDrugA.SPEED;969;WonderDrug(A.SPEED);奇迹药水（攻速）;Pets;
Item_KnapsackS;970;Knapsack(S);小号背袋;Pets;
Item_KnapsackM;971;Knapsack(M);中号背袋;Pets;
Item_KnapsackL;972;Knapsack(L);大号背袋;Pets;
Item_MysteryWater;123;MysteryWater;神秘之水;Potion;
Item_HPDrugSmall;658;(HP)DrugSmall;小型生命药剂;Potion;
Item_MPDrugSmall;659;(MP)DrugSmall;小型魔法药剂;Potion;
Item_HPDrugMedium;660;(HP)DrugMedium;中型生命药剂;Potion;
Item_MPDrugMedium;661;(MP)DrugMedium;中型魔法药剂;Potion;
Item_HPDrugLarge;662;(HP)DrugLarge;大型生命药剂;Potion;
Item_MPDrugLarge;663;(MP)DrugLarge;大型魔法药剂;Potion;
Item_HPDrugXL;664;(HP)DrugXL;特大生命药剂;Potion;
Item_MPDrugXL;665;(MP)DrugXL;特大魔法药剂;Potion;
Item_HPPotionSmall;666;(HP)PotionSmall;小型生命药水;Potion;
Item_MPPotionSmall;667;(MP)PotionSmall;小型魔法药水;Potion;
Item_HPPotionMedium;668;(HP)PotionMedium;中型生命药水;Potion;
Item_MPPotionMedium;669;(MP)PotionMedium;中型魔法药水;Potion;
Item_SunPotion;670;SunPotion;太阳药水;Potion;
Item_SunPotionM;671;SunPotion(M);高级太阳药水;Potion;
Item_Ginseng;672;Ginseng;人参;Potion;
Item_OldGinseng;673;OldGinseng;老山参;Potion;
Item_Apple;674;Apple;苹果;Potion;
Item_ImpactDrugS;675;ImpactDrug(S);冲击药剂（小）;Potion;
Item_ImpactDrugM;676;ImpactDrug(M);冲击药剂（中）;Potion;
Item_ImpactDrugL;677;ImpactDrug(L);冲击药剂（大）;Potion;
Item_MagicDrugS;678;MagicDrug(S);魔力药剂（小）;Potion;
Item_MagicDrugM;679;MagicDrug(M);魔力药剂（中）;Potion;
Item_MagicDrugL;680;MagicDrug(L);魔力药剂（大）;Potion;
Item_TaoistDrugS;681;TaoistDrug(S);道士药剂（小）;Potion;
Item_TaoistDrugM;682;TaoistDrug(M);道士药剂（中）;Potion;
Item_TaoistDrugL;683;TaoistDrug(L);道士药剂（大）;Potion;
Item_StormDrugS;684;StormDrug(S);风暴药剂（小）;Potion;
Item_StormDrugM;685;StormDrug(M);风暴药剂（中）;Potion;
Item_StormDrugL;686;StormDrug(L);风暴药剂（大）;Potion;
Item_StaminaAidS;687;StaminaAid(S);体力辅助剂（小）;Potion;
Item_StaminaAidM;688;StaminaAid(M);体力辅助剂（中）;Potion;
Item_StaminaAidL;689;StaminaAid(L);体力辅助剂（大）;Potion;
Item_MagicAidS;690;MagicAid(S);魔力辅助剂（小）;Potion;
Item_MagicAidM;691;MagicAid(M);魔力辅助剂（中）;Potion;
Item_MagicAidL;692;MagicAid(L);魔力辅助剂（大）;Potion;
Item_SpencerDrug;693;SpencerDrug;斯宾塞药剂;Potion;
Item_Dumpling;694;Dumpling;饺子;Potion;
Item_BeefDumpling;695;BeefDumpling;牛肉饺子;Potion;
Item_ChickenDumpling;696;ChickenDumpling;鸡肉饺子;Potion;
Item_EggDumpling;697;EggDumpling;鸡蛋饺子;Potion;
Item_BoneDumpling;698;BoneDumpling;骨头饺子;Potion;
Item_HerbalTea;699;HerbalTea;草药茶;Potion;
Item_MeatSoup;700;MeatSoup;肉汤;Potion;
Item_ZerkSoup;701;ZerkSoup;狂暴汤;Potion;
Item_ChickenBroth;702;ChickenBroth;鸡汤;Potion;
Item_EggBroth;703;EggBroth;鸡蛋汤;Potion;
Item_BoneBroth;704;BoneBroth;骨头汤;Potion;
Item_CannibalFruitTea;705;CannibalFruitTea;食人果茶;Potion;
Item_Tinker;808;Tinker;丁鲷;Potion;
Item_SmallGobby;809;SmallGobby;小哥比鱼;Potion;
Item_Mackeral;810;Mackeral;鲭鱼;Potion;
Item_Gobby;811;Gobby;哥比鱼;Potion;
Item_DestructionLiquor1;1268;DestructionLiquor1;毁灭之酒1;Potion;
Item_DestructionLiquor3;1269;DestructionLiquor3;毁灭之酒3;Potion;
Item_DestructionLiquor5;1270;DestructionLiquor5;毁灭之酒5;Potion;
Item_MagicalLiquor1;1271;MagicalLiquor1;魔力之酒1;Potion;
Item_MagicalLiquor3;1272;MagicalLiquor3;魔力之酒3;Potion;
Item_MagicalLiquor5;1273;MagicalLiquor5;魔力之酒5;Potion;
Item_SoulLiquor1;1274;SoulLiquor1;灵魂之酒1;Potion;
Item_SoulLiquor3;1275;SoulLiquor3;灵魂之酒3;Potion;
Item_SoulLiquor5;1276;SoulLiquor5;灵魂之酒5;Potion;
Item_HealthWine1;1277;HealthWine1;强身酒1;Potion;
Item_HealthWine3;1278;HealthWine3;强身酒3;Potion;
Item_HealthWine5;1279;HealthWine5;强身酒5;Potion;
Item_MagicWine1;1280;MagicWine1;法力酒1;Potion;
Item_MagicWine3;1281;MagicWine3;法力酒3;Potion;
Item_MagicWine5;1282;MagicWine5;法力酒5;Potion;
Item_GalePotion1;1283;GalePotion1;疾风药水1;Potion;
Item_GalePotion2;1284;GalePotion2;疾风药水2;Potion;
Item_GalePotion3;1285;GalePotion3;疾风药水3;Potion;
Item_EXP30%1;1301;EXP30%1;30%经验药水1;Potion;
Item_EXP30%3;1302;EXP30%3;30%经验药水3;Potion;
Item_EXP30%5;1303;EXP30%5;30%经验药水5;Potion;
Item_EXP30%24;1304;EXP30%24;30%经验药水24;Potion;
Item_EXP50%1;1305;EXP50%1;50%经验药水1;Potion;
Item_EXP50%3;1306;EXP50%3;50%经验药水3;Potion;
Item_EXP50%5;1307;EXP50%5;50%经验药水5;Potion;
Item_EXP50%24;1308;EXP50%24;50%经验药水24;Potion;
Item_DestructionWater3;1310;DestructionWater3;毁灭之水3;Potion;
Item_DestructionWater7;1311;DestructionWater7;毁灭之水7;Potion;
Item_MagicalWater3;1312;MagicalWater3;魔力之水3;Potion;
Item_MagicalWater7;1313;MagicalWater7;魔力之水7;Potion;
Item_SoulWater3;1314;SoulWater3;灵魂之水3;Potion;
Item_SoulWater7;1315;SoulWater7;灵魂之水7;Potion;
Item_StrengthWater3;1316;StrengthWater3;力量之水3;Potion;
Item_StrengthWater7;1317;StrengthWater7;力量之水7;Potion;
Item_ElixirOfPhysical;1318;ElixirOfPhysical;体魄灵药;Potion;
Item_AccuracyPotion;1319;AccuracyPotion;精准药水;Potion;
Item_DestructionLiquor;1323;DestructionLiquor;毁灭之酒;Potion;
Item_MagicalLiquor;1324;MagicalLiquor;魔力之酒;Potion;
Item_SoulLiquor;1325;SoulLiquor;灵魂之酒;Potion;
Item_HealthWine;1326;HealthWine;强身酒;Potion;
Item_GalePotion;1327;GalePotion;疾风药水;Potion;
Item_ElixirOfMight[1d];1338;ElixirOfMight[1d];力量灵药（1天）;Potion;
Item_ElixirOfDefensive[1d];1339;ElixirOfDefensive[1d];防御灵药（1天）;Potion;
Item_ElixirOfGinseng[1d];1340;ElixirOfGinseng[1d];参灵药（1天）;Potion;
Item_EXP20%[1d];1341;EXP20%[1d];20%经验药水（1天）;Potion;
Item_BlueMarshmallow;1383;BlueMarshmallow;蓝色棉花糖;Potion;
Item_PinkMarshmallow;1387;PinkMarshmallow;粉色棉花糖;Potion;
Item_Redrecoverywater;1565;Redrecoverywater;红色恢复药水;Potion;
Item_Bluerecoverywater;1566;Bluerecoverywater;蓝色恢复药水;Potion;
Item_DeerMeat;856;DeerMeat;鹿肉块;Quest;
Item_PigEar;897;PigEar;猪耳朵;Quest;
Item_PigHoof;898;PigHoof;猪蹄;Quest;
Item_SpiderLeg;899;SpiderLeg;蜘蛛腿;Quest;
Item_CannibalPoison;900;CannibalPoison;食人毒液;Quest;
Item_CannibalLeaves;1111;CannibalLeaves;食人花叶;Quest;
Item_GingerTea;1112;GingerTea;姜茶;Quest;
Item_OmaTeeth;1113;OmaTeeth;沃玛牙齿;Quest;
Item_CannibalStem;1114;CannibalStem;食人花茎;Quest;
Item_PoisonSack;1115;PoisonSack;毒囊;Quest;
Item_Web;1116;Web;蜘蛛网;Quest;
Item_JadeRing;1117;JadeRing;玉戒指;Quest;
Item_BluePill;1118;BluePill;蓝色药丸;Quest;
Item_SecretRecipe;1119;SecretRecipe;秘方;Quest;
Item_SnakeBody;1120;SnakeBody;蛇身;Quest;
Item_EbonyFruit;1122;Ebony(Fruit);乌木果;Quest;
Item_RedSnakeTeeth;1123;RedSnakeTeeth;红蛇牙齿;Quest;
Item_OliviasRing;1124;OliviasRing;奥利维亚之戒;Quest;
Item_Relics;1125;Relics;遗物;Quest;
Item_CookBook;1126;CookBook;食谱;Quest;
Item_CannibalSeed;1127;CannibalSeed;食人花种子;Quest;
Item_CanniTea;1128;CanniTea;食人茶;Quest;
Item_BatTeeth;1129;BatTeeth;蝙蝠牙齿;Quest;
Item_Skull;1130;Skull;头骨;Quest;
Item_ZombieEye;1131;ZombieEye;僵尸之眼;Quest;
Item_BatWings;1132;BatWings;蝙蝠翅膀;Quest;
Item_CaveReport;1133;CaveReport;洞穴报告;Quest;
Item_SkeletonHead;1134;SkeletonHead;骷髅头;Quest;
Item_RareCopperOre;1135;RareCopperOre;稀有铜矿石;Quest;
Item_OldNecklace;1136;OldNecklace;破旧项链;Quest;
Item_BugBlood;1137;BugBlood;虫血;Quest;
Item_BluJadePendant;1138;BluJadePendant;蓝玉坠饰;Quest;
Item_Antidote;1139;Antidote;解毒剂;Quest;
Item_GatheringGlove;1140;GatheringGlove;采集手套;Quest;
Item_GatheringTool;1141;GatheringTool;采集工具;Quest;
Item_GreenHerb;1142;GreenHerb;绿色草药;Quest;
Item_MobBlood;1143;MobBlood;魔物之血;Quest;
Item_RedDagger;1144;RedDagger;红匕首;Quest;
Item_OldRobe;1145;OldRobe;破旧长袍;Quest;
Item_StolenGold;1146;StolenGold;失窃黄金;Quest;
Item_HiddenScroll;1147;HiddenScroll;隐藏卷轴;Quest;
Item_HeartOfDead;1148;HeartOfDead;亡者之心;Quest;
Item_TraineeSuit;1149;TraineeSuit;见习者服;Quest;
Item_ZombiesHeart;1150;ZombiesHeart;僵尸之心;Quest;
Item_AncientTree;1151;AncientTree;远古之树;Quest;
Item_WornAxe;1152;WornAxe;破旧战斧;Quest;
Item_TraineeRing;1153;TraineeRing;见习者戒指;Quest;
Item_SkysLetter;1154;SkysLetter;斯凯的信;Quest;
Item_BeefRib;1155;BeefRib;牛肋骨;Quest;
Item_WoomasHorn;1156;WoomasHorn;沃玛之角;Quest;
Item_BugSpecimen;1157;BugSpecimen;昆虫标本;Quest;
Item_CharleySword;1158;CharleySword;查理之剑;Quest;
Item_BichonTales1;1159;BichonTales(1);比奇传说（1）;Quest;
Item_BichonTales2;1160;BichonTales(2);比奇传说（2）;Quest;
Item_BichonTales3;1161;BichonTales(3);比奇传说（3）;Quest;
Item_CorpsFlower;1162;CorpsFlower;尸花;Quest;
Item_CleanSkull;1163;CleanSkull;洁净头骨;Quest;
Item_PrajnaHistory;1164;PrajnaHistory;般若史记;Quest;
Item_BatPoison;1165;BatPoison;蝙蝠毒液;Quest;
Item_Algae;1166;Algae;水藻;Quest;
Item_RelicRock;1167;RelicRock;圣物岩石;Quest;
Item_BloodPill;1168;BloodPill;血丹;Quest;
Item_SkeletonBone;1169;SkeletonBone;骷髅骨;Quest;
Item_BoarTooth;1170;BoarTooth;野猪獠牙;Quest;
Item_AncientScyther;1328;AncientScyther;上古镰杀者;Quest;
Item_FishingReel;802;FishingReel;渔线轮;Reel;
Item_PremiumReel;803;PremiumReel;高级渔线轮;Reel;
Item_LeatherBridle;776;LeatherBridle;皮缰绳;Reins;
Item_GoldBridle;777;GoldBridle;黄金缰绳;Reins;
Item_RedRibbon;783;RedRibbon;红丝带;Ribbon;
Item_BlueRibbon;784;BlueRibbon;蓝丝带;Ribbon;
Item_BlackRibbon;785;BlackRibbon;黑丝带;Ribbon;
Item_SpiritRing;10;SpiritRing;灵魂戒指;Ring;
Item_RecallRing;14;RecallRing;回城戒指;Ring;
Item_RedOrchidRing;17;RedOrchidRing;红兰戒指;Ring;
Item_RedFlowerRing;20;RedFlowerRing;红花戒指;Ring;
Item_SmashRing;23;SmashRing;碎魔戒指;Ring;
Item_HwanDevilRing;26;HwanDevilRing;幻魔戒指;Ring;
Item_PurityRing;29;PurityRing;净化戒指;Ring;
Item_FiveStringRing;32;FiveStringRing;五弦戒指;Ring;
Item_MundaneRing;34;MundaneRing;粗制戒指;Ring;
Item_NokChiRing;36;NokChiRing;鹿齿戒指;Ring;
Item_TaoProtectRing;38;TaoProtectRing;护道戒指;Ring;
Item_MirRing;75;MirRing;米尔戒指;Ring;
Item_MirRing1;76;MirRing1;米尔戒指1;Ring;
Item_MirRing2;77;MirRing2;米尔戒指2;Ring;
Item_MirRing3;78;MirRing3;米尔戒指3;Ring;
Item_MirRing4;79;MirRing4;米尔戒指4;Ring;
Item_MirRing5;80;MirRing5;米尔戒指5;Ring;
Item_BugRing;89;BugRing;虫蛀戒指;Ring;
Item_WhiteGoldRing;94;WhiteGoldRing;白金戒指;Ring;
Item_WhiteGoldRingH;99;WhiteGoldRing(H);白金戒指（加强）;Ring;
Item_RedJadeRing;104;RedJadeRing;赤玉戒指;Ring;
Item_RedJadeRingH;109;RedJadeRing(H);赤玉戒指（加强）;Ring;
Item_NephriteRing;114;NephriteRing;碧玉戒指;Ring;
Item_NephriteRingH;119;NephriteRing(H);碧玉戒指（加强）;Ring;
Item_MysteryCircle;122;MysteryCircle;神秘指环;Ring;
Item_TarragonRing;137;TarragonRing;泰拉冈戒指;Ring;
Item_RingOfAgony;188;RingOfAgony;苦痛戒指;Ring;
Item_RingOfAgony1;189;RingOfAgony1;苦痛戒指1;Ring;
Item_RingOfAgony2;190;RingOfAgony2;苦痛戒指2;Ring;
Item_RingOfAgony3;191;RingOfAgony3;苦痛戒指3;Ring;
Item_RingOfAgony4;192;RingOfAgony4;苦痛戒指4;Ring;
Item_RingOfAgony5;193;RingOfAgony5;苦痛戒指5;Ring;
Item_ParalysisRing;395;ParalysisRing;麻痹戒指;Ring;
Item_TeleportRing;396;TeleportRing;传送戒指;Ring;
Item_ClearRing;397;ClearRing;清明戒指;Ring;
Item_ProtectionRing;398;ProtectionRing;守护戒指;Ring;
Item_RevivalRing;399;RevivalRing;复活戒指;Ring;
Item_MuscleRing;400;MuscleRing;筋力戒指;Ring;
Item_FlameRing;401;FlameRing;火焰戒指;Ring;
Item_RecoveryRing;402;RecoveryRing;恢复戒指;Ring;
Item_HardenedRing;403;HardenedRing;强化戒指;Ring;
Item_CopperRing;404;CopperRing;铜戒指;Ring;
Item_HexagonalRing;405;HexagonalRing;六角戒指;Ring;
Item_GlassRing;406;GlassRing;玻璃戒指;Ring;
Item_HornRing;407;HornRing;兽角戒指;Ring;
Item_IronRing;408;IronRing;铁戒指;Ring;
Item_WhiteJadeRing;409;WhiteJadeRing;白玉戒指;Ring;
Item_BlueRing;410;BlueRing;蓝宝石戒指;Ring;
Item_GaleRing;411;GaleRing;疾风戒指;Ring;
Item_SkeletonRing;412;SkeletonRing;骷髅戒指;Ring;
Item_BlackRing;413;BlackRing;黑色戒指;Ring;
Item_SerpentEyeRing;414;SerpentEyeRing;蛇眼戒指;Ring;
Item_PearlRing;415;PearlRing;珍珠戒指;Ring;
Item_GoldRing;416;GoldRing;黄金戒指;Ring;
Item_CharmRing;417;CharmRing;魅力戒指;Ring;
Item_MoralRing;418;MoralRing;美德戒指;Ring;
Item_ExpelRing;419;ExpelRing;驱魔戒指;Ring;
Item_CoralRing;420;CoralRing;珊瑚戒指;Ring;
Item_RubyRing;421;RubyRing;红宝石戒指;Ring;
Item_PlatinumRing;422;PlatinumRing;铂金戒指;Ring;
Item_DragonRing;423;DragonRing;龙纹戒指;Ring;
Item_EvilSlayerRing;424;EvilSlayerRing;屠魔戒指;Ring;
Item_JadeSnowRing;425;JadeSnowRing;玉雪戒指;Ring;
Item_TwinGoldRing;426;TwinGoldRing;双金戒指;Ring;
Item_PowerRing;427;PowerRing;力量之戒;Ring;
Item_VioletRing;428;VioletRing;紫罗戒指;Ring;
Item_TitanRing;429;TitanRing;泰坦戒指;Ring;
Item_BoundlessRing;430;BoundlessRing;无尽戒指;Ring;
Item_ThunderRing;431;ThunderRing;雷霆戒指;Ring;
Item_TaeGukRing;432;TaeGukRing;太极戒指;Ring;
Item_OmaSpiritRing;433;OmaSpiritRing;沃玛灵戒;Ring;
Item_NobleRing;434;NobleRing;高贵戒指;Ring;
Item_SoulRing;435;SoulRing;灵魂之戒;Ring;
Item_PledgeRing;436;PledgeRing;誓约之戒;Ring;
Item_CrimsonRubyRing;437;CrimsonRubyRing;深红红宝戒指;Ring;
Item_FiveElementRing;438;FiveElementRing;五行戒指;Ring;
Item_GoldDragonRing;439;GoldDragonRing;金龙戒指;Ring;
Item_DemonRubyRing;440;DemonRubyRing;魔红宝石戒指;Ring;
Item_EvilExpelRing;441;EvilExpelRing;邪祟驱散戒指;Ring;
Item_PurpleFoxRing;442;PurpleFoxRing;紫狐戒指;Ring;
Item_RedFoxRing;443;RedFoxRing;赤狐戒指;Ring;
Item_BlueFoxRing;444;BlueFoxRing;蓝狐戒指;Ring;
Item_GreatPurpleFoxRing;445;GreatPurpleFoxRing;大紫狐戒指;Ring;
Item_GreatRedFoxRing;446;GreatRedFoxRing;大赤狐戒指;Ring;
Item_GreatBlueFoxRing;447;GreatBlueFoxRing;大蓝狐戒指;Ring;
Item_SurvivalRing;448;SurvivalRing;生存戒指;Ring;
Item_SealRing;449;SealRing;封印戒指;Ring;
Item_TajiRing;450;TajiRing;太极戒指;Ring;
Item_CraftRing1;451;CraftRing1;工艺戒指1;Ring;
Item_CraftRing2;452;CraftRing2;工艺戒指2;Ring;
Item_CraftRing3;453;CraftRing3;工艺戒指3;Ring;
Item_CraftRing4;454;CraftRing4;工艺戒指4;Ring;
Item_CraftRing5;455;CraftRing5;工艺戒指5;Ring;
Item_CraftRing6;456;CraftRing6;工艺戒指6;Ring;
Item_CraftRing7;457;CraftRing7;工艺戒指7;Ring;
Item_CraftRing8;458;CraftRing8;工艺戒指8;Ring;
Item_CraftRing9;459;CraftRing9;工艺戒指9;Ring;
Item_CraftRing10;460;CraftRing10;工艺戒指10;Ring;
Item_RedDemonRing;461;RedDemonRing;赤魔戒指;Ring;
Item_CloudRing;462;CloudRing;云纹戒指;Ring;
Item_PoisonRing;463;PoisonRing;剧毒戒指;Ring;
Item_EvilDragonRing;464;EvilDragonRing;邪龙戒指;Ring;
Item_EvilDragonRing1;465;EvilDragonRing1;邪龙戒指1;Ring;
Item_EvilDragonRing2;466;EvilDragonRing2;邪龙戒指2;Ring;
Item_EvilDragonRing3;467;EvilDragonRing3;邪龙戒指3;Ring;
Item_EvilDragonRing4;468;EvilDragonRing4;邪龙戒指4;Ring;
Item_EvilDragonRing5;469;EvilDragonRing5;邪龙戒指5;Ring;
Item_RDragonRing;470;RDragonRing;赤龙戒指;Ring;
Item_RDragonRing1;471;RDragonRing1;赤龙戒指1;Ring;
Item_RDragonRing2;472;RDragonRing2;赤龙戒指2;Ring;
Item_RDragonRing3;473;RDragonRing3;赤龙戒指3;Ring;
Item_RDragonRing4;474;RDragonRing4;赤龙戒指4;Ring;
Item_RDragonRing5;475;RDragonRing5;赤龙戒指5;Ring;
Item_OldCopperRing;1175;OldCopperRing;旧铜戒指;Ring;
Item_BlackCrystalRing;1213;BlackCrystalRing;黑晶戒指;Ring;
Item_EyeofGoldenSnake;1214;EyeofGoldenSnake;金蛇之眼戒指;Ring;
Item_BlackPearlRing;1215;BlackPearlRing;黑珍珠戒指;Ring;
Item_WizardRing;1232;WizardRing;巫师戒指;Ring;
Item_RingOfMoral;1233;RingOfMoral;美德之戒;Ring;
Item_ExorcistRing;1239;ExorcistRing;驱魔者戒指;Ring;
Item_GonryunDoubleFlower寶;1541;GonryunDoubleFlower(寶);昆仑双花戒指·宝;Ring;
Item_GonryunDoubleFlower寶1;1542;GonryunDoubleFlower(寶)1;昆仑双花戒指·宝1;Ring;
Item_GonryunDoubleFlower寶2;1543;GonryunDoubleFlower(寶)2;昆仑双花戒指·宝2;Ring;
Item_GonryunDoubleFlower寶物3;1544;GonryunDoubleFlower(寶物)3;昆仑双花戒指·宝物3;Ring;
Item_GonryunDoubleFlower寶4;1545;GonryunDoubleFlower(寶)4;昆仑双花戒指·宝4;Ring;
Item_GonryunDoubleFlower寶5;1546;GonryunDoubleFlower(寶)5;昆仑双花戒指·宝5;Ring;
Item_GonryunYeongokhwan聖;1547;GonryunYeongokhwan(聖);昆仑灵玉丸戒指·圣;Ring;
Item_GonryunYeongokhwan聖1;1548;GonryunYeongokhwan(聖)1;昆仑灵玉丸戒指·圣1;Ring;
Item_GonryunYeongokhwan聖2;1549;GonryunYeongokhwan(聖)2;昆仑灵玉丸戒指·圣2;Ring;
Item_GonryunYeongokhwan聖3;1550;GonryunYeongokhwan(聖)3;昆仑灵玉丸戒指·圣3;Ring;
Item_GonryunYeongokhwan聖4;1551;GonryunYeongokhwan(聖)4;昆仑灵玉丸戒指·圣4;Ring;
Item_GonryunYeongokhwan聖5;1552;GonryunYeongokhwan(聖)5;昆仑灵玉丸戒指·圣5;Ring;
Item_GonryunYeongokhwan神;1553;GonryunYeongokhwan(神);昆仑灵玉丸戒指·神;Ring;
Item_GonryunYeongokhwan神1;1554;GonryunYeongokhwan(神)1;昆仑灵玉丸戒指·神1;Ring;
Item_GonryunYeongokhwan神2;1555;GonryunYeongokhwan(神)2;昆仑灵玉丸戒指·神2;Ring;
Item_GonryunYeongokhwan神3;1556;GonryunYeongokhwan(神)3;昆仑灵玉丸戒指·神3;Ring;
Item_GonryunYeongokhwan神4;1557;GonryunYeongokhwan(神)4;昆仑灵玉丸戒指·神4;Ring;
Item_GonryunYeongokhwan神5;1558;GonryunYeongokhwan(神)5;昆仑灵玉丸戒指·神5;Ring;
Item_DoubleFlower;1559;DoubleFlower;双花戒指;Ring;
Item_DoubleFlower1;1560;DoubleFlower1;双花戒指1;Ring;
Item_DoubleFlower2;1561;DoubleFlower2;双花戒指2;Ring;
Item_DoubleFlower3;1562;DoubleFlower3;双花戒指3;Ring;
Item_DoubleFlower4;1563;DoubleFlower4;双花戒指4;Ring;
Item_DoubleFlower5;1564;DoubleFlower5;双花戒指5;Ring;
Item_TheFairyRing;1599;TheFairyRing;精灵戒指;Ring;
Item_慶TheFairyRing;1612;(慶)TheFairyRing;（庆）精灵戒指;Ring;
Item_HwayoungOkhwan;1613;HwayoungOkhwan;花映玉环戒指;Ring;
Item_HwayoungOkhwan1;1614;HwayoungOkhwan1;花映玉环戒指1;Ring;
Item_HwayoungOkhwan2;1615;HwayoungOkhwan2;花映玉环戒指2;Ring;
Item_HwayoungOkhwan3;1616;HwayoungOkhwan3;花映玉环戒指3;Ring;
Item_HwayoungOkhwan4;1617;HwayoungOkhwan4;花映玉环戒指4;Ring;
Item_HwayoungOkhwan5;1618;HwayoungOkhwan5;花映玉环戒指5;Ring;
Item_Nokyoungokhwan;1619;Nokyoungokhwan;鹿茸玉环戒指;Ring;
Item_Nokyoungokhwan1;1620;Nokyoungokhwan1;鹿茸玉环戒指1;Ring;
Item_Nokyoungokhwan2;1621;Nokyoungokhwan2;鹿茸玉环戒指2;Ring;
Item_Nokyoungokhwan3;1622;Nokyoungokhwan3;鹿茸玉环戒指3;Ring;
Item_Nokyoungokhwan4;1623;Nokyoungokhwan4;鹿茸玉环戒指4;Ring;
Item_Nokyoungokhwan5;1624;Nokyoungokhwan5;鹿茸玉环戒指5;Ring;
Item_PoisonDemonRing;1625;PoisonDemonRing;毒魔戒指;Ring;
Item_PoisonDemonRing1;1626;PoisonDemonRing1;毒魔戒指1;Ring;
Item_PoisonDemonRing2;1627;PoisonDemonRing2;毒魔戒指2;Ring;
Item_PoisonDemonRing3;1628;PoisonDemonRing3;毒魔戒指3;Ring;
Item_PoisonDemonRing4;1629;PoisonDemonRing4;毒魔戒指4;Ring;
Item_PoisonDemonRing5;1630;PoisonDemonRing5;毒魔戒指5;Ring;
Item_HeroRing;1631;HeroRing;英雄戒指;Ring;
Item_SkyHeroRing;1632;SkyHeroRing;苍穹英雄戒指;Ring;
Item_Saddle;782;Saddle;马鞍;Saddle;
Item_AmuletBundle;713;Amulet(Bundle);护身符礼包;Script;
Item_PKPointReduction;1287;PKPointReduction;PK值清除卷;Script;
Item_MysteriousScroll1;1288;MysteriousScroll1;神秘卷轴1;Script;
Item_MysteriousScroll2;1289;MysteriousScroll2;神秘卷轴2;Script;
Item_SexChange;1293;SexChange;性别转换卷;Script;
Item_ExtraDrop20%;1309;ExtraDrop20%;掉率提升20%卷;Script;
Item_BlueOctagonalBox;1320;BlueOctagonalBox;蓝色八角宝箱;Script;
Item_RedOctagonalBox;1321;RedOctagonalBox;红色八角宝箱;Script;
Item_GreenOctagonalBox;1322;GreenOctagonalBox;绿色八角宝箱;Script;
Item_Medicine;1336;Medicine;药剂;Script;
Item_BoxofHolyWater1;1337;BoxofHolyWater1;圣水礼盒;Script;
Item_FishingPackage;1346;FishingPackage;钓鱼礼包;Script;
Item_RepairOil;706;RepairOil;修复油;Scroll;
Item_WarGodOil;707;WarGodOil;战神油;Scroll;
Item_[H]WarGodOil;708;[H]WarGodOil;战神油（H）;Scroll;
Item_BenedictionOil;709;BenedictionOil;祝福油;Scroll;
Item_GTTeleport;716;GTTeleport;领地传送卷;Scroll;
Item_RandomTeleport;717;RandomTeleport;随机传送卷;Scroll;
Item_DungeonEscape;718;DungeonEscape;地宫脱离卷;Scroll;
Item_TownTeleport;719;TownTeleport;城镇传送卷;Scroll;
Item_TeleportHome;720;TeleportHome;回城卷;Scroll;
Item_CreditToken1;1260;CreditToken1;积分凭证1;Scroll;
Item_CreditToken2;1261;CreditToken2;积分凭证2;Scroll;
Item_CreditToken3;1262;CreditToken3;积分凭证3;Scroll;
Item_CreditToken4;1263;CreditToken4;积分凭证4;Scroll;
Item_CreditToken5;1264;CreditToken5;积分凭证5;Scroll;
Item_CreditToken6;1265;CreditToken6;积分凭证6;Scroll;
Item_CreditToken7;1266;CreditToken7;积分凭证7;Scroll;
Item_CreditToken8;1267;CreditToken8;积分凭证8;Scroll;
Item_ResurrectionScroll;1286;ResurrectionScroll;复活卷轴;Scroll;
Item_AncientBanga[Green];1291;AncientBanga[Green];上古帮甲[绿];Scroll;
Item_AncientBanga[Purple];1292;AncientBanga[Purple];上古帮甲[紫];Scroll;
Item_GtInvite;1368;GtInvite;领地邀请函;Scroll;
Item_SealedHero;1349;SealedHero;封印英雄;SealedHero;
Item_HealthStoneS;627;HealthStone(S);生命石（小）;Stone;
Item_HealthStoneM;628;HealthStone(M);生命石（中）;Stone;
Item_HealthStoneL;629;HealthStone(L);生命石（大）;Stone;
Item_HealthStoneXL;630;HealthStone(XL);生命石（特大）;Stone;
Item_HealthStone;631;HealthStone;生命石;Stone;
Item_MagicStoneS;632;MagicStone(S);魔法石（小）;Stone;
Item_MagicStoneM;633;MagicStone(M);魔法石（中）;Stone;
Item_MagicStoneL;634;MagicStone(L);魔法石（大）;Stone;
Item_MagicStoneXL;635;MagicStone(XL);魔法石（特大）;Stone;
Item_MagicStone;636;MagicStone;魔法石;Stone;
Item_PowerStoneS;637;PowerStone(S);力量石（小）;Stone;
Item_PowerStoneM;638;PowerStone(M);力量石（中）;Stone;
Item_PowerStoneL;639;PowerStone(L);力量石（大）;Stone;
Item_PowerStoneXL;640;PowerStone(XL);力量石（特大）;Stone;
Item_PowerStone;641;PowerStone;力量石;Stone;
Item_DCStoneS;642;DCStone(S);物攻石（小）;Stone;
Item_DCStoneM;643;DCStone(M);物攻石（中）;Stone;
Item_DCStoneL;644;DCStone(L);物攻石（大）;Stone;
Item_DCStoneXL;645;DCStone(XL);物攻石（特大）;Stone;
Item_DCStone;646;DCStone;物攻石;Stone;
Item_MCStoneS;647;MCStone(S);魔攻石（小）;Stone;
Item_MCStoneM;648;MCStone(M);魔攻石（中）;Stone;
Item_MCStoneL;649;MCStone(L);魔攻石（大）;Stone;
Item_MCStoneXL;650;MCStone(XL);魔攻石（特大）;Stone;
Item_MCStone;651;MCStone;魔攻石;Stone;
Item_SCStoneS;652;SCStone(S);道攻石（小）;Stone;
Item_SCStoneM;653;SCStone(M);道攻石（中）;Stone;
Item_SCStoneL;654;SCStone(L);道攻石（大）;Stone;
Item_SCStoneXL;655;SCStone(XL);道攻石（特大）;Stone;
Item_SCStone;656;SCStone;道攻石;Stone;
Item_FrozenStone;657;FrozenStone;冰封石;Stone;
Item_HyeoncheonSuhoSteel寶;1400;HyeoncheonSuhoSteel(寶);玄天守护钢·宝;Stone;
Item_HyeoncheonSuhoSteel聖;1401;HyeoncheonSuhoSteel(聖);玄天守护钢·圣;Stone;
Item_HyeoncheonSuhoSteel神;1402;HyeoncheonSuhoSteel(神);玄天守护钢·神;Stone;
Item_Candle;722;Candle;蜡烛;Torch;
Item_Torch;723;Torch;火把;Torch;
Item_EnternalFlame;724;EnternalFlame;永恒之焰;Torch;
Item_PeddlerTorch;725;PeddlerTorch;行商火把;Torch;
Item_DragonTorch;726;DragonTorch;龙焰火把;Torch;
Item_HardTorchS;727;HardTorch(S);坚固火把（小）;Torch;
Item_HardTorchM;728;HardTorch(M);坚固火把（中）;Torch;
Item_HardTorchL;729;HardTorch(L);坚固火把（大）;Torch;
Item_KnowledgeTorchS;730;KnowledgeTorch(S);知识火把（小）;Torch;
Item_KnowledgeTorchM;731;KnowledgeTorch(M);知识火把（中）;Torch;
Item_KnowledgeTorchL;732;KnowledgeTorch(L);知识火把（大）;Torch;
Item_Lantern;733;Lantern;灯笼;Torch;
Item_DCTorch[3h];1295;DCTorch[3h];物攻火把[3小时];Torch;
Item_MCTorch[3h];1296;MCTorch[3h];魔攻火把[3小时];Torch;
Item_SCTorch[3h];1297;SCTorch[3h];道攻火把[3小时];Torch;
Item_DCTorch[2h];1298;DCTorch[2h];物攻火把[2小时];Torch;
Item_MCTorch[2h];1299;MCTorch[2h];魔攻火把[2小时];Torch;
Item_SCTorch[2h];1300;SCTorch[2h];道攻火把[2小时];Torch;
Item_DCTorch3;1361;DCTorch3;物攻火把3;Torch;
Item_MCTorch3;1362;MCTorch3;魔攻火把3;Torch;
Item_SCTorch3;1363;SCTorch3;道攻火把3;Torch;
Item_新Carnation;1444;(新)Carnation;（新）康乃馨;Torch;
Item_新BlessCarnation;1445;(新)BlessCarnation;（新）祝福康乃馨;Torch;
Item_BlessCarnation+1;1446;BlessCarnation(+1);祝福康乃馨(+1);Torch;
Item_BlessCarnation+2;1447;BlessCarnation(+2);祝福康乃馨(+2);Torch;
Item_BlessCarnation+3;1448;BlessCarnation(+3);祝福康乃馨(+3);Torch;
Item_BlessCarnation+4;1449;BlessCarnation(+4);祝福康乃馨(+4);Torch;
Item_BlessCarnation+5;1450;BlessCarnation(+5);祝福康乃馨(+5);Torch;
Item_DollyMask;1083;DollyMask;玩偶面具;Transform;
Item_Pirate;1084;Pirate;海盗装扮;Transform;
Item_NinjaM;1085;Ninja(M);忍者装扮（男）;Transform;
Item_NinjaF;1086;Ninja(F);忍者装扮（女）;Transform;
Item_Santa;1087;Santa;圣诞老人装扮;Transform;
Item_Rudolph;1088;Rudolph;鲁道夫装扮;Transform;
Item_SpiderWarrior;1089;SpiderWarrior;蜘蛛战士装扮;Transform;
Item_ManectricClub;1090;ManectricClub;雷兽战棍装扮;Transform;
Item_ManectricHammer;1091;ManectricHammer;雷兽战锤装扮;Transform;
Item_FlamingMutant;1092;FlamingMutant;炎魔变身;Transform;
Item_FormalM;1093;Formal(M);礼服装扮（男）;Transform;
Item_FormalF;1094;Formal(F);礼服装扮（女）;Transform;
Item_Formal1M;1095;Formal1(M);礼服一式（男）;Transform;
Item_Formal1F;1096;Formal1(F);礼服一式（女）;Transform;
Item_Footballer;1097;Footballer;足球服装扮;Transform;
Item_DevilGirl;1098;DevilGirl;恶魔少女装扮;Transform;
Item_Formal2F;1099;Formal2(F);礼服二式（女）;Transform;
Item_Formal2M;1100;Formal2(M);礼服二式（男）;Transform;
Item_HellWarrior;1101;HellWarrior;地狱战士装扮;Transform;
Item_HeavenWarrior;1102;HeavenWarrior;天界战士装扮;Transform;
Item_Footballer1;1103;Footballer1;足球服装扮1;Transform;
Item_Footballer2;1104;Footballer2;足球服装扮2;Transform;
Item_Footballer3;1105;Footballer3;足球服装扮3;Transform;
Item_Footballer4;1106;Footballer4;足球服装扮4;Transform;
Item_Footballer5;1107;Footballer5;足球服装扮5;Transform;
Item_DevilGirl1;1108;DevilGirl1;恶魔少女装扮1;Transform;
Item_Ram;1109;Ram;公羊装扮;Transform;
Item_Formal2M;1110;Formal2(M);礼服二式（男）;Transform;
Item_CostumeGirl;1350;CostumeGirl;时装少女装扮;Transform;
Item_BlackTigerF;1351;BlackTiger(F);黑虎套装（女）;Transform;
Item_BlackTigerM;1352;BlackTiger(M);黑虎套装（男）;Transform;
Item_BossyF;1353;Bossy(F);女强人套装;Transform;
Item_BossyM;1354;Bossy(M);总裁套装;Transform;
Item_GymnasticsQueen;1355;GymnasticsQueen;体操女王装扮;Transform;
Item_OldFisherman;1356;OldFisherman;老渔夫装扮;Transform;
Item_Pig;1357;Pig;小猪装扮;Transform;
Item_SkiKid;1358;SkiKid;滑雪少年装扮;Transform;
Item_Sportsman;1359;Sportsman;运动健将装扮;Transform;
Item_Yizhili;1360;Yizhili;伊之莉装扮;Transform;
Item_RabbitF;1442;Rabbit(F);兔女郎装扮;Transform;
Item_RabbitM;1443;Rabbit(M);兔少爷装扮;Transform;
Item_SpiritBlade;1;SpiritBlade;灵魂之刃;Weapon;
Item_SpiritBlade1;2;SpiritBlade1;灵魂之刃1;Weapon;
Item_SpiritBlade2;3;SpiritBlade2;灵魂之刃2;Weapon;
Item_SpiritBlade3;4;SpiritBlade3;灵魂之刃3;Weapon;
Item_SpiritBlade4;5;SpiritBlade4;灵魂之刃4;Weapon;
Item_SpiritBlade5;6;SpiritBlade5;灵魂之刃5;Weapon;
Item_MirSword;39;MirSword;米尔之剑;Weapon;
Item_MirSword1;40;MirSword1;米尔之剑1;Weapon;
Item_MirSword2;41;MirSword2;米尔之剑2;Weapon;
Item_MirSword3;42;MirSword3;米尔之剑3;Weapon;
Item_MirSword4;43;MirSword4;米尔之剑4;Weapon;
Item_MirSword5;44;MirSword5;米尔之剑5;Weapon;
Item_BoneDecapitator;83;BoneDecapitator;白骨斩首刀;Weapon;
Item_WoodenSword;221;WoodenSword;木剑;Weapon;
Item_Dagger;222;Dagger;匕首;Weapon;
Item_EbonySword;223;EbonySword;乌木剑;Weapon;
Item_BronzeSword;224;BronzeSword;青铜剑;Weapon;
Item_ShortSword;225;ShortSword;短剑;Weapon;
Item_IronSword;226;IronSword;铁剑;Weapon;
Item_BronzeAxe;227;BronzeAxe;青铜斧;Weapon;
Item_SteelAxe;228;SteelAxe;钢斧;Weapon;
Item_SteelSword;229;SteelSword;钢剑;Weapon;
Item_PrinceDagger;230;PrinceDagger;王子匕首;Weapon;
Item_FireBloodSword;231;FireBloodSword;火血剑;Weapon;
Item_HellYamaBlade;232;HellYamaBlade;地狱阎罗刀;Weapon;
Item_HellYamaBlade1;233;HellYamaBlade1;地狱阎罗刀1;Weapon;
Item_HellYamaBlade2;234;HellYamaBlade2;地狱阎罗刀2;Weapon;
Item_HellYamaBlade3;235;HellYamaBlade3;地狱阎罗刀3;Weapon;
Item_HellYamaBlade4;236;HellYamaBlade4;地狱阎罗刀4;Weapon;
Item_HellYamaBlade5;237;HellYamaBlade5;地狱阎罗刀5;Weapon;
Item_HookedSword;238;HookedSword;钩刃剑;Weapon;
Item_MartialSword;239;MartialSword;武士剑;Weapon;
Item_PowerAxe;240;PowerAxe;力量战斧;Weapon;
Item_PurifierSword;241;PurifierSword;净化之剑;Weapon;
Item_GreatAxe;242;GreatAxe;巨斧;Weapon;
Item_ZumaJudgementMace;243;ZumaJudgementMace;祖玛审判锤;Weapon;
Item_JudgementMace;244;JudgementMace;审判锤;Weapon;
Item_DragonSword;245;DragonSword;龙纹剑;Weapon;
Item_BlackDragonSlayer;246;BlackDragonSlayer;黑龙屠龙斩;Weapon;
Item_WarSpiritBlade;247;WarSpiritBlade;战魂之刃;Weapon;
Item_DragonSlayer;248;DragonSlayer;屠龙刀;Weapon;
Item_SwordOfWarGod;249;SwordOfWarGod;战神之剑;Weapon;
Item_BurstSword;250;BurstSword;爆裂之剑;Weapon;
Item_FrozenSabre;251;FrozenSabre;寒冰军刀;Weapon;
Item_BlackTigerHammer;252;BlackTigerHammer;黑虎战锤;Weapon;
Item_BarbarianSword;253;BarbarianSword;蛮族之剑;Weapon;
Item_Trident;254;Trident;三叉戟;Weapon;
Item_HookedSpear;255;HookedSpear;钩镰枪;Weapon;
Item_MageStaff;256;MageStaff;法师法杖;Weapon;
Item_BloodStealerSword;257;BloodStealerSword;噬血之剑;Weapon;
Item_ZumaWarMageStaff;258;ZumaWarMageStaff;祖玛战法杖;Weapon;
Item_WarMageStaff;259;WarMageStaff;战法杖;Weapon;
Item_BlackDragonStaff;260;BlackDragonStaff;黑龙法杖;Weapon;
Item_MagicScythe;261;MagicScythe;魔力镰刀;Weapon;
Item_DragonStaff;262;DragonStaff;龙纹法杖;Weapon;
Item_BladeOfSorcery;263;BladeOfSorcery;巫术之刃;Weapon;
Item_HolyBloodSpear;264;HolyBloodSpear;圣血长枪;Weapon;
Item_ConquerorSpear;265;ConquerorSpear;征服之矛;Weapon;
Item_StaffOfLotus;266;StaffOfLotus;莲华法杖;Weapon;
Item_RawSword;267;RawSword;粗制长剑;Weapon;
Item_Scimitar;268;Scimitar;弯刀;Weapon;
Item_KrissSword;269;KrissSword;波刃剑;Weapon;
Item_SerpentSword;270;SerpentSword;蛇形剑;Weapon;
Item_ZumaSoulSpringWand;271;ZumaSoulSpringWand;祖玛灵泉杖;Weapon;
Item_SoulSpringWand;272;SoulSpringWand;灵泉法杖;Weapon;
Item_BlackDragonSoulSabre;273;BlackDragonSoulSabre;黑龙魂刃;Weapon;
Item_StoneBambooFan;274;StoneBambooFan;石骨竹扇;Weapon;
Item_SoulSabre;275;SoulSabre;灵魂军刀;Weapon;
Item_HeavenSword;276;HeavenSword;天剑;Weapon;
Item_DragonBloodSword;277;DragonBloodSword;龙血之剑;Weapon;
Item_BastardSword;278;BastardSword;重剑;Weapon;
Item_FanOfCrane;279;FanOfCrane;仙鹤折扇;Weapon;
Item_BoneCarvedFan;280;BoneCarvedFan;骨雕折扇;Weapon;
Item_HoaSword;281;HoaSword;花之剑;Weapon;
Item_ToughHoaSword;282;ToughHoaSword;坚韧花剑;Weapon;
Item_SharpHoaSword;283;SharpHoaSword;锋利花剑;Weapon;
Item_BladesOfVelocity;284;BladesOfVelocity;迅捷双刃;Weapon;
Item_IronBlades;285;IronBlades;铁质双刃;Weapon;
Item_DoubleBlades;286;DoubleBlades;双刀;Weapon;
Item_ZumaBlades;287;ZumaBlades;祖玛双刃;Weapon;
Item_BladesOfDarkness;288;BladesOfDarkness;暗黑双刃;Weapon;
Item_Dragon'sRoyalBlades;289;Dragon'sRoyalBlades;龙皇双刃;Weapon;
Item_FreezingBlades;290;FreezingBlades;冰冻双刃;Weapon;
Item_RoyalBlades;291;RoyalBlades;皇家双刃;Weapon;
Item_BladesOfMagi;292;BladesOfMagi;魔导师双刃;Weapon;
Item_Stiletto;293;Stiletto;细刺;Weapon;
Item_ZincBlades;294;ZincBlades;锌铁双刃;Weapon;
Item_ButcheringBlades;295;ButcheringBlades;屠戮双刃;Weapon;
Item_TheRipper;296;TheRipper;撕裂者;Weapon;
Item_MadDragonBlades;297;MadDragonBlades;狂龙双刃;Weapon;
Item_WoodenBow;298;WoodenBow;木弓;Weapon;
Item_EbonyBow;299;EbonyBow;乌木弓;Weapon;
Item_ShortBow;300;ShortBow;短弓;Weapon;
Item_BoneBow;301;BoneBow;骨弓;Weapon;
Item_CompoundBow;302;CompoundBow;复合弓;Weapon;
Item_LongBow;303;LongBow;长弓;Weapon;
Item_SilverBow;304;SilverBow;白银弓;Weapon;
Item_ZumaFiendBow;305;ZumaFiendBow;祖玛魔弓;Weapon;
Item_FiendBow;306;FiendBow;魔弓;Weapon;
Item_CursedMaleficBow;307;CursedMaleficBow;诅咒恶弓;Weapon;
Item_LitheBow;308;LitheBow;灵巧之弓;Weapon;
Item_MaleficBow;309;MaleficBow;恶意之弓;Weapon;
Item_BowOfForce;310;BowOfForce;强力之弓;Weapon;
Item_DreadBow;311;DreadBow;恐惧之弓;Weapon;
Item_GrimBow;312;GrimBow;冷峻之弓;Weapon;
Item_LethalBow;313;LethalBow;致命之弓;Weapon;
Item_ApusBow;314;ApusBow;阿普斯之弓;Weapon;
Item_DeathBow;315;DeathBow;死亡之弓;Weapon;
Item_BloodThirstyBow;316;BloodThirstyBow;嗜血之弓;Weapon;
Item_BlueFishingRod;793;BlueFishingRod;蓝色鱼竿;Weapon;
Item_RedFishingRod[6M];794;RedFishingRod[6M];红色鱼竿[6M];Weapon;
Item_PickAxe;836;PickAxe;镐;Weapon;
Item_PickAxe0;837;PickAxe0;镐0;Weapon;
Item_SharpDagger;1172;SharpDagger;锋利匕首;Weapon;
Item_ToughHoaSword;1173;ToughHoaSword;坚固花剑;Weapon;
Item_StiffWoodenBow;1174;StiffWoodenBow;坚硬木弓;Weapon;
Item_BronzeWarriorSword;1177;BronzeWarriorSword;青铜勇士剑;Weapon;
Item_StrongHoaSword;1178;StrongHoaSword;强力花剑;Weapon;
Item_StrongWoodenBow;1179;StrongWoodenBow;强力木弓;Weapon;
Item_BronzeShortSword;1182;BronzeShortSword;青铜短剑;Weapon;
Item_BronzeHoaSword;1183;BronzeHoaSword;青铜花剑;Weapon;
Item_ElkWoodenBow;1184;ElkWoodenBow;麋鹿木弓;Weapon;
Item_BrokenSword;1192;BrokenSword;断裂长剑;Weapon;
Item_SolidBronzeAxe;1195;SolidBronzeAxe;坚固青铜斧;Weapon;
Item_SharpSword;1196;SharpSword;锐利长剑;Weapon;
Item_SharpTrident;1197;SharpTrident;锋利三叉戟;Weapon;
Item_SharpScimitar;1198;SharpScimitar;锋利弯刀;Weapon;
Item_SharpSabre;1199;SharpSabre;锋利军刀;Weapon;
Item_ToughBow;1200;ToughBow;坚固长弓;Weapon;
Item_HardSteelSword;1209;HardSteelSword;坚钢长剑;Weapon;
Item_MartialSabre;1216;MartialSabre;武士军刀;Weapon;
Item_SpearWithHook;1217;SpearWithHook;钩刃长枪;Weapon;
Item_KeenKrissSword;1218;KeenKrissSword;锐利波刃剑;Weapon;
Item_BlackIronCrowSwords;1219;BlackIronCrowSwords;玄铁乌鸦双刀;Weapon;
Item_ToughLongBow;1220;ToughLongBow;坚固长弓;Weapon;
Item_SolidGreatAxe;1240;SolidGreatAxe;坚固巨斧;Weapon;
Item_SolidBronzeStaff;1241;SolidBronzeStaff;坚固青铜杖;Weapon;
Item_SolidSerpentSword;1242;SolidSerpentSword;坚固蛇剑;Weapon;
Item_SolidTwinBlades;1243;SolidTwinBlades;坚固双刃;Weapon;
Item_SolidSilverBow;1244;SolidSilverBow;坚固白银弓;Weapon;
Item_RedMoonSword;1256;RedMoonSword;赤月之剑;Weapon;
Item_RedMoonBlades;1257;RedMoonBlades;赤月双刃;Weapon;
Item_RedMoonBow;1258;RedMoonBow;赤月长弓;Weapon;
Item_IceDragonSkyBow;1369;IceDragonSkyBow;冰龙天弓;Weapon;
Item_IronThornBow;1370;IronThornBow;钢刺长弓;Weapon;
Item_PhoenixBow;1371;PhoenixBow;凤凰之弓;Weapon;
Item_BluishGreenBloodSlaughterPike;1372;BluishGreenBloodSlaughterPike;青血屠戮长矛;Weapon;
Item_RetsuenBow;1373;RetsuenBow;烈焰之弓;Weapon;
Item_金龍YellowDragonBow;1374;(金龍)YellowDragonBow;（金龙）黄龙弓;Weapon;
Item_金龍DragonSlayer;1375;(金龍)DragonSlayer;（金龙）屠龙刀;Weapon;
Item_金龍InfernalBloodBlades;1376;(金龍)InfernalBloodBlades;（金龙）地狱血刃;Weapon;
Item_金龍DragonSword;1377;(金龍)DragonSword;（金龙）龙纹剑;Weapon;
Item_金龍SoulEaterStaff;1378;(金龍)SoulEaterStaff;（金龙）噬魂法杖;Weapon;
Item_IceDragonSkyKnife;1379;IceDragonSkyKnife;冰龙天刃;Weapon;
Item_IceDragonSkySword;1380;IceDragonSkySword;冰龙天剑;Weapon;
Item_IceDragonSkyRod;1381;IceDragonSkyRod;冰龙天杖;Weapon;
Item_IceDragonSkyBayonet;1382;IceDragonSkyBayonet;冰龙天枪;Weapon;
Item_GonRyunHolyLightBow寶;1397;GonRyunHolyLightBow(寶);昆仑圣光之弓·宝;Weapon;
Item_GonRyunHolyLightBow聖;1398;GonRyunHolyLightBow(聖);昆仑圣光之弓·圣;Weapon;
Item_GonRyunHolyLightBow神;1399;GonRyunHolyLightBow(神);昆仑圣光之弓·神;Weapon;
Item_GonRyunHolyLightBlades寶;1404;GonRyunHolyLightBlades(寶);昆仑圣光双刃·宝;Weapon;
Item_GonRyunHolyLightBlades聖;1405;GonRyunHolyLightBlades(聖);昆仑圣光双刃·圣;Weapon;
Item_GonRyunHolyLightBlades神;1406;GonRyunHolyLightBlades(神);昆仑圣光双刃·神;Weapon;
Item_GonRyunHolyLightSword寶;1407;GonRyunHolyLightSword(寶);昆仑圣光之剑·宝;Weapon;
Item_GonRyunHolyLightSword聖;1408;GonRyunHolyLightSword(聖);昆仑圣光之剑·圣;Weapon;
Item_GonRyunHolyLightSword神;1409;GonRyunHolyLightSword(神);昆仑圣光之剑·神;Weapon;
Item_GonRyunHolyLightSword聖1;1411;GonRyunHolyLightSword(聖)1;昆仑圣光之剑·圣1;Weapon;
Item_GonRyunHolyLightSword聖2;1412;GonRyunHolyLightSword(聖)2;昆仑圣光之剑·圣2;Weapon;
Item_GonRyunHolyLightSword聖3;1413;GonRyunHolyLightSword(聖)3;昆仑圣光之剑·圣3;Weapon;
Item_幻影當籤IceDragonSkyKnife;1414;(幻影當籤)IceDragonSkyKnife;（幻影当签）冰龙天刃;Weapon;
Item_GonRyunHolyLightSword寶2;1415;GonRyunHolyLightSword(寶)2;昆仑圣光之剑·宝2;Weapon;
Item_GonRyunHolyLightSword寶1;1416;GonRyunHolyLightSword(寶)1;昆仑圣光之剑·宝1;Weapon;
Item_GonRyunHolyLightSword寶3;1417;GonRyunHolyLightSword(寶)3;昆仑圣光之剑·宝3;Weapon;
Item_GonRyunHolyLightSword神1;1418;GonRyunHolyLightSword(神)1;昆仑圣光之剑·神1;Weapon;
Item_GonRyunHolyLightSword神2;1419;GonRyunHolyLightSword(神)2;昆仑圣光之剑·神2;Weapon;
Item_GonRyunHolyLightSword神3;1420;GonRyunHolyLightSword(神)3;昆仑圣光之剑·神3;Weapon;
Item_幻影當籤IceDragonSkySword;1421;(幻影當籤)IceDragonSkySword;（幻影当签）冰龙天剑;Weapon;
Item_幻影當籤IceDragonSkyRod;1422;(幻影當籤)IceDragonSkyRod;（幻影当签）冰龙天杖;Weapon;
Item_幻影當籤IceDragonSkyBayonet;1423;(幻影當籤)IceDragonSkyBayonet;（幻影当签）冰龙天枪;Weapon;
Item_幻影當籤IceDragonSkyBow;1424;(幻影當籤)IceDragonSkyBow;（幻影当签）冰龙天弓;Weapon;
