ID;EnglishName;ChineseName;Spell;Notes
Magic_Portal;Portal;空间之门;150;
Magic_BackStep;BackStep;后跳;BackStep;
Magic_BattleCry;BattleCry;战吼;BattleCry;
Magic_BindingShot;BindingShot;束缚箭;BindingShot;
Magic_BladeAvalanche;BladeAvalanche;旋风斩;BladeAvalanche;
Magic_BlessedArmour;BlessedArmour;神圣战甲术;BlessedArmour;
Magic_Blink;Blink;闪烁;Blink;
Magic_Blizzard;Blizzard;暴风雪;Blizzard;
Magic_CatTongue;CatTongue;猫之舌;CatTongue;
Magic_Concentration;Concentration;集中射击;Concentration;
Magic_CounterAttack;CounterAttack;反击;CounterAttack;
Magic_CresentSlash;CresentSlash;新月斩;CrescentSlash;
Magic_CrippleShot;CrippleShot;致残箭;CrippleShot;
Magic_CrossHalfMoon;CrossHalfMoon;交叉半月;CrossHalfMoon;
Magic_Curse;Curse;诅咒术;Curse;
Magic_DarkBody;DarkBody;暗影之躯;DarkBody;
Magic_DelayedExplosion;DelayedExplosion;延时爆裂;DelayedExplosion;
Magic_DoubleShot;DoubleShot;二连射;DoubleShot;
Magic_DoubleSlash;DoubleSlash;双重斩;DoubleSlash;
Magic_ElectricShock;ElectricShock;雷电术;ElectricShock;
Magic_ElementalBarrier;ElementalBarrier;元素屏障;ElementalBarrier;
Magic_ElementalShot;ElementalShot;元素射击;ElementalShot;
Magic_EnergyRepulsor;EnergyRepulsor;能量反震;EnergyRepulsor;
Magic_EnergyShield;EnergyShield;能量护盾;EnergyShield;
Magic_Entrapment;Entrapment;缠绕;Entrapment;
Magic_ExplosiveTrap;ExplosiveTrap;爆裂陷阱;ExplosiveTrap;
Magic_Blink;Blink;闪烁;FastMove;
Magic_FatalSword;FatalSword;致命剑法;FatalSword;
Magic_Fencing;Fencing;基本剑术;Fencing;
Magic_FireBall;FireBall;火球术;FireBall;
Magic_FireBang;FireBang;爆裂火焰;FireBang;
Magic_FireBounce;FireBounce;火焰飞弹;FireBounce;
Magic_FireBurst;FireBurst;火焰爆裂;FireBurst;
Magic_FireWall;FireWall;火墙;FireWall;
Magic_FlameDisruptor;FlameDisruptor;焰火分身;FlameDisruptor;
Magic_FlameField;FlameField;火焰领域;FlameField;
Magic_FlamingSword;FlamingSword;烈火剑法;FlamingSword;
Magic_FlashDash;FlashDash;闪影冲刺;FlashDash;
Magic_Focus;Focus;专注;Focus;
Magic_FrostCrunch;FrostCrunch;冰霜嚎叫;FrostCrunch;
Magic_Fury;Fury;狂暴;Fury;
Magic_GreatFireBall;GreatFireBall;大火球;GreatFireBall;
Magic_HalfMoon;HalfMoon;半月弯刀;HalfMoon;
Magic_Hallucination;Hallucination;幻觉术;Hallucination;
Magic_Haste;Haste;疾速;Haste;
Magic_Healing;Healing;治愈术;Healing;
Magic_HealingCircle;HealingCircle;治愈光环;HealingCircle;
Magic_HeavenlySword;HeavenlySword;天剑术;HeavenlySword;
Magic_HellFire;HellFire;地狱火;HellFire;
Magic_Hemorrhage;Hemorrhage;流血打击;Hemorrhage;
Magic_Hiding;Hiding;隐身术;Hiding;
Magic_IceStorm;IceStorm;冰咆哮;IceStorm;
Magic_IceThrust;IceThrust;冰刺术;IceThrust;
Magic_ImmortalSkin;ImmortalSkin;金刚不坏;ImmortalSkin;
Magic_LightBody;LightBody;轻身术;LightBody;
Magic_Lightning;Lightning;疾光电影;Lightning;
Magic_LionRoar;LionRoar;狮吼功;LionRoar;
Magic_MagicBooster;MagicBooster;魔力增幅;MagicBooster;
Magic_MagicShield;MagicShield;魔法盾;MagicShield;
Magic_MassHealing;MassHealing;群体治疗术;MassHealing;
Magic_MassHiding;MassHiding;集体隐身术;MassHiding;
Magic_Meditation;Meditation;冥想;Meditation;
Magic_MentalState;MentalState;心灵专注;MentalState;
Magic_MeteorShower;MeteorShower;流星雨;MeteorShower;
Magic_MeteorStrike;MeteorStrike;流星坠落;MeteorStrike;
Magic_Mirroring;Mirroring;镜像术;Mirroring;
Magic_MoonLight;MoonLight;月光斩;MoonLight;
Magic_MoonMist;MoonMist;月影迷雾;MoonMist;
Magic_MPEater;MPEater;法力汲取;MPEater;
Magic_NapalmShot;NapalmShot;燃烧弹;NapalmShot;
Magic_OneWithNature;OneWithNature;天人合一;OneWithNature;
Magic_PetEnhancer;PetEnhancer;宠物强化;PetEnhancer;
Magic_Plague;Plague;瘟疫术;Plague;
Magic_PoisonCloud;PoisonCloud;毒雾术;PoisonCloud;
Magic_Poisoning;Poisoning;施毒术;Poisoning;
Magic_PoisonShot;PoisonShot;剧毒箭;PoisonShot;
Magic_PoisonSword;PoisonSword;毒剑术;PoisonSword;
Magic_Portal;Portal;空间之门;Portal;
Magic_ProtectionField;ProtectionField;护体结界;ProtectionField;
Magic_Purification;Purification;净化术;Purification;
Magic_Rage;Rage;狂怒;Rage;
Magic_Reincarnation;Reincarnation;复活术;Reincarnation;
Magic_Repulsion;Repulsion;抗拒火环;Repulsion;
Magic_Revelation;Revelation;心灵启示;Revelation;
Magic_ShoulderDash;ShoulderDash;野蛮冲撞;ShoulderDash;
Magic_SlashingBurst;SlashingBurst;破空斩;SlashingBurst;
Magic_Slaying;Slaying;攻杀剑术;Slaying;
Magic_SoulFireBall;SoulFireBall;灵魂火符;SoulFireBall;
Magic_SoulShield;SoulShield;幽灵盾;SoulShield;
Magic_SpiritSword;SpiritSword;精神力战法;SpiritSword;
Magic_StoneTrap;StoneTrap;石化陷阱;Stonetrap;
Magic_StormEscape;StormEscape;风暴逃脱;StormEscape;
Magic_StraightShot;StraightShot;直射;StraightShot;
Magic_SummonHolyDeva;SummonHolyDeva;召唤圣灵;SummonHolyDeva;
Magic_SummonShinsu;SummonShinsu;召唤神兽;SummonShinsu;
Magic_SummonSkeleton;SummonSkeleton;召唤骷髅;SummonSkeleton;
Magic_SummonSnakes;SummonSnakes;召唤毒蛇;SummonSnakes;
Magic_SummonToad;SummonToad;召唤毒蛤;SummonToad;
Magic_SummonVampire;SummonVampire;召唤吸血鬼;SummonVampire;
Magic_SwiftFeet;SwiftFeet;疾风步;SwiftFeet;
Magic_Teleport;Teleport;瞬息移动;Teleport;
Magic_Thrusting;Thrusting;刺杀剑术;Thrusting;
Magic_ThunderBolt;ThunderBolt;雷霆术;ThunderBolt;
Magic_ThunderStorm;ThunderStorm;地狱雷光;ThunderStorm;
Magic_Trap;Trap;陷阱术;Trap;
Magic_TrapHexagon;TrapHexagon;困魔咒;TrapHexagon;
Magic_TurnUndead;TurnUndead;圣言术;TurnUndead;
Magic_TwinDrakeBlade;TwinDrakeBlade;双龙斩;TwinDrakeBlade;
Magic_UltimateEnchancer;UltimateEnchancer;极限强化;UltimateEnhancer;
Magic_VampireShot;VampireShot;吸血箭;VampireShot;
Magic_Vampirism;Vampirism;吸血术;Vampirism;
