ID;Index;EnglishName;ChineseName;FileName;Notes
NPC__Shinsu(Jude);18;_Shinsu(Jude);神兽 朱德;BichonProvince/HighPriestShinsu;
NPC_Accessory_Abbigale;237;Accessory_Abbigale;饰品商 阿比盖尔;WhiteValley/Encampment/Accessory;
NPC_Administrator_Edward;44;Administrator_Edward;管理员 爱德华;BichonProvince/BichonWall/Administrator;
NPC_Administrator_SabukOfficer;304;Administrator_SabukOfficer;沙巴克军务官;MongchonProvince/SabukWall/Conquest;
NPC_Alchemist_Larry;29;Alchemist_Larry;炼金师 拉里;BichonProvince/BichonWall/Potion2;
NPC_Alchemist_Samuel;28;Alchemist_Samuel;炼金师 塞缪尔;BichonProvince/BichonWall/Potion1;
NPC_Apprentice;98;Apprentice;学徒;WoomyonWoods/TaoistVillage/Apprentice;
NPC_Apprentice;99;Apprentice;学徒;WoomyonWoods/TaoistVillage/Apprentice2;
NPC_Apprentice;100;Apprentice;学徒;WoomyonWoods/TaoistVillage/Apprentice3;
NPC_Apprentice;101;Apprentice;学徒;WoomyonWoods/TaoistVillage/Apprentice4;
NPC_Apprentice;102;Apprentice;学徒;WoomyonWoods/TaoistVillage/Apprentice5;
NPC_Apprentice;103;Apprentice;学徒;WoomyonWoods/TaoistVillage/Apprentice6;
NPC_Apprentice;105;Apprentice;学徒;WoomyonWoods/TaoistVillage/Apprentice7;
NPC_Apprentice;106;Apprentice;学徒;WoomyonWoods/TaoistVillage/Apprentice8;
NPC_Apprentice;107;Apprentice;学徒;WoomyonWoods/TaoistVillage/Apprentice9;
NPC_Apprentice;108;Apprentice;学徒;WoomyonWoods/TaoistVillage/Apprentice10;
NPC_Apprentice;109;Apprentice;学徒;WoomyonWoods/TaoistVillage/Apprentice11;
NPC_Apprentice;110;Apprentice;学徒;WoomyonWoods/TaoistVillage/Apprentice12;
NPC_Ashes;182;Ashes;灰烬;MongchonProvince/Ashes;
NPC_Assistant_Jane;3;Assistant_Jane;助手 简;BichonProvince/BorderVillage/Jane;
NPC_Assistant_Julie;57;Assistant_Julie;助手 朱莉;BichonProvince/BichonWall/Downgrade;
NPC_BichonInspector_Anthony;198;BichonInspector_Anthony;比奇巡查官 安东尼;PrajnaIsland/Inspector1;
NPC_BichonSoldier_Frank;227;BichonSoldier_Frank;比奇士兵 弗兰克;WasteLand/Soldier;
NPC_BichonWall_Board;35;BichonWall_Board;比奇城 告示牌;BichonProvince/BichonWall/Board;
NPC_BigTaoist;112;BigTaoist;大道士;WoomyonWoods/TaoistVillage/BigTaoist;
NPC_Blacksmith_Bill;27;Blacksmith_Bill;铁匠 比尔;BichonProvince/BichonWall/Blacksmith;
NPC_Blacksmith_Carlos;177;Blacksmith_Carlos;铁匠 卡洛斯;MongchonProvince/SabukWall/Blacksmith1;
NPC_Blacksmith_Dean;167;Blacksmith_Dean;铁匠 迪恩;MongchonProvince/SabukWall/Blacksmith;
NPC_Blacksmith_Kieron;235;Blacksmith_Kieron;铁匠 基伦;WhiteValley/Encampment/Blacksmith;
NPC_Blacksmith_Smith;5;Blacksmith_Smith;铁匠 史密斯;BichonProvince/BorderVillage/Blacksmith;
NPC_Blacksmith_Wayne;85;Blacksmith_Wayne;铁匠 韦恩;WoomyonWoods/Castle-GI/Blacksmith;
NPC_Bones;185;Bones;白骨;MongchonProvince/Swamp/Bones;
NPC_Book_Vivian;238;Book_Vivian;书商 维薇安;WhiteValley/Encampment/Book;
NPC_BorderVillage_Board;2;BorderVillage_Board;边境村 告示牌;BichonProvince/BorderVillage/BountyBoard;
NPC_BrokenCarriage;119;BrokenCarriage;损坏马车;WoomyonWoods/TaoistVillage/BrokenCarriage;
NPC_Captain_Andrew;241;Captain_Andrew;队长 安德鲁;WhiteValley/Encampment/Captain;
NPC_Captain_Jerald;20;Captain_Jerald;队长 杰拉德;BichonProvince/ArcherCaptain;
NPC_CaveGuide_Paddy;120;CaveGuide_Paddy;洞穴向导 帕迪;WoomyonWoods/TaoistVillage/CaveGuideTV;
NPC_Challange_OldMan;51;Challange_OldMan;试炼老人;BichonProvince/BichonWall/OldmanInfinity;
NPC_ChaosNode;223;ChaosNode;混沌节点;PastBichon/ChaosNode;
NPC_Commander_Luke;62;Commander_Luke;指挥官 卢克;BichonProvince/BichonWall/Luke;
NPC_CraftingVillage_Portal;276;CraftingVillage_Portal;工匠村 传送门;CraftingPortal/Bichon;
NPC_CraftingVillage_Portal;277;CraftingVillage_Portal;工匠村 传送门;CraftingPortal/Border;
NPC_CraftingVillage_Portal;278;CraftingVillage_Portal;工匠村 传送门;CraftingPortal/Serpent;
NPC_CraftingVillage_Portal;279;CraftingVillage_Portal;工匠村 传送门;CraftingPortal/MudWall;
NPC_CraftingVillage_Portal;280;CraftingVillage_Portal;工匠村 传送门;CraftingPortal/CastleGI;
NPC_CraftingVillage_Portal;281;CraftingVillage_Portal;工匠村 传送门;CraftingPortal/Prajna;
NPC_CraftingVillage_Portal;282;CraftingVillage_Portal;工匠村 传送门;CraftingPortal/PastBichon;
NPC_CraftsLady_Alice;55;CraftsLady_Alice;工艺师 爱丽丝;BichonProvince/BichonWall/CraftsLady;
NPC_CraftsLady_Christine;216;CraftsLady_Christine;工艺师 克里斯汀;PastBichon/CraftsLady;
NPC_CraftsLady_Jane;87;CraftsLady_Jane;工艺师 简;WoomyonWoods/Castle-GI/Crafting;
NPC_CraftsLady_Jude;4;CraftsLady_Jude;工艺师 朱德;BichonProvince/BorderVillage/CraftLady;
NPC_CraftsLady_Kimberly;203;CraftsLady_Kimberly;工艺师 金伯莉;PrajnaIsland/CraftLady;
NPC_CraftsLady_Louise;161;CraftsLady_Louise;工艺师 露易丝;MongchonProvince/MudWall/Crafting;
NPC_CraftsLady_Victoria;136;CraftsLady_Victoria;工艺师 维多利亚;SerpentValley/Village/Crafting;
NPC_CrushedBones;122;CrushedBones;碎骨堆;WoomyonWoods/TaoistVillage/TreePath/CrushedBonesTP;
NPC_Drapery_Amanda;236;Drapery_Amanda;布商 阿曼达;WhiteValley/Encampment/Drapery;
NPC_Drapery_Maximus;183;Drapery_Maximus;布商 马克西穆斯;MongchonProvince/BugCave/Clothes;
NPC_Emperor_Far;61;Emperor_Far;皇帝 法尔;BichonProvince/BichonWall/Far;
NPC_Examiner_Tony;38;Examiner_Tony;考官 托尼;BichonProvince/BichonWall/Examiner;
NPC_Excavenger_Stuart;230;Excavenger_Stuart;挖掘者 斯图尔特;WasteLand/Excavenger;
NPC_FishMonger_Laura;240;FishMonger_Laura;鱼贩 劳拉;WhiteValley/Encampment/Fisheries;
NPC_General_Grimchamp;297;General_Grimchamp;将军 格林昌普;WoomyonWoods/SeokchoValley/TrollMine/Transporter;
NPC_General_Jane;299;General_Jane;将军 简;MongchonProvince/Swamp/Transporter1;
NPC_General_Martyn;239;General_Martyn;将军 马丁;WhiteValley/Encampment/General;
NPC_General_Paula;298;General_Paula;将军 宝拉;MongchonProvince/Swamp/Transporter;
NPC_General_Sir.Kevin;221;General_Sir.Kevin;将军 凯文爵士;PastBichon/General;
NPC_GM_Armour;256;GM_Armour;铠甲管理员;GM/GM-Armour;
NPC_GM_Awakening;274;GM_Awakening;觉醒管理员;GM/GM-Awakening;
NPC_GM_Belt;258;GM_Belt;腰带管理员;GM/GM-Belt;
NPC_GM_Book;261;GM_Book;书籍管理员;GM/GM-Book;
NPC_GM_Boot;257;GM_Boot;靴子管理员;GM/GM-Boot;
NPC_GM_Bracelet;253;GM_Bracelet;手镯管理员;GM/GM-Bracelet;
NPC_GM_CraftingMaterial;267;GM_CraftingMaterial;制作材料管理员;GM/GM-CraftingMaterial;
NPC_GM_Fishing;268;GM_Fishing;钓鱼管理员;GM/GM-Fishing;
NPC_GM_Gem;263;GM_Gem;宝石管理员;GM/GM-Gem;
NPC_GM_Grocery;265;GM_Grocery;杂货管理员;GM/GM-Grocery;
NPC_GM_Helmet;259;GM_Helmet;头盔管理员;GM/GM-Helmet;
NPC_GM_Manager;275;GM_Manager;管理员;GM/GM-Manager;
NPC_GM_Meat;264;GM_Meat;肉类管理员;GM/GM-Meat;
NPC_GM_Mount;269;GM_Mount;坐骑管理员;GM/GM-Mount;
NPC_GM_Necklace;254;GM_Necklace;项链管理员;GM/GM-Necklace;
NPC_GM_Nothing;272;GM_Nothing;空白管理员;GM/GM-Nothing;
NPC_GM_Ore;270;GM_Ore;矿石管理员;GM/GM-Ore;
NPC_GM_Potion;266;GM_Potion;药水管理员;GM/GM-Potion;
NPC_GM_Quest;273;GM_Quest;任务管理员;GM/GM-Quest;
NPC_GM_Ring;255;GM_Ring;戒指管理员;GM/GM-Ring;
NPC_GM_Script;271;GM_Script;脚本管理员;GM/GM-Script;
NPC_GM_Stone;262;GM_Stone;石头管理员;GM/GM-Stone;
NPC_GM_Teleporter;300;GM_Teleporter;传送管理员;GM/GM-Teleporter;
NPC_GM_Weapon;260;GM_Weapon;武器管理员;GM/GM-Weapon;
NPC_Grocery_Bull;232;Grocery_Bull;杂货商 布尔;WasteLand/DeadForest/Peddlar;
NPC_Gt_BulletinBoard;365;Gt_BulletinBoard;领地 公告牌;GuildTerritory\GA8\GTBulletinBoard-GA8;
NPC_GT_BulletinBoard;309;GT_BulletinBoard;领地 公告牌;GuildTerritory\GA0\GTBulletinBoard-GA0;
NPC_GT_BulletinBoard;316;GT_BulletinBoard;领地 公告牌;GuildTerritory\GA1\GTBulletinBoard-GA1;
NPC_GT_BulletinBoard;323;GT_BulletinBoard;领地 公告牌;GuildTerritory\GA2\GTBulletinBoard-GA2;
NPC_GT_BulletinBoard;330;GT_BulletinBoard;领地 公告牌;GuildTerritory\GA3\GTBulletinBoard-GA3;
NPC_GT_BulletinBoard;337;GT_BulletinBoard;领地 公告牌;GuildTerritory\GA4\GTBulletinBoard-GA4;
NPC_GT_BulletinBoard;344;GT_BulletinBoard;领地 公告牌;GuildTerritory\GA5\GTBulletinBoard-GA5;
NPC_GT_BulletinBoard;351;GT_BulletinBoard;领地 公告牌;GuildTerritory\GA6\GTBulletinBoard-GA6;
NPC_GT_BulletinBoard;358;GT_BulletinBoard;领地 公告牌;GuildTerritory\GA7\GTBulletinBoard-GA7;
NPC_GT_BulletinBoard;372;GT_BulletinBoard;领地 公告牌;GuildTerritory\GA9\GTBulletinBoard-GA9;
NPC_GT_Peddler;310;GT_Peddler;领地 小贩;GuildTerritory\GA0\GTPeddler-GA0;
NPC_GT_Peddler;317;GT_Peddler;领地 小贩;GuildTerritory\GA1\GTPeddler-GA1;
NPC_GT_Peddler;324;GT_Peddler;领地 小贩;GuildTerritory\GA2\GTPeddler-GA2;
NPC_GT_Peddler;331;GT_Peddler;领地 小贩;GuildTerritory\GA3\GTPeddler-GA3;
NPC_GT_Peddler;338;GT_Peddler;领地 小贩;GuildTerritory\GA4\GTPeddler-GA4;
NPC_GT_Peddler;345;GT_Peddler;领地 小贩;GuildTerritory\GA5\GTPeddler-GA5;
NPC_GT_Peddler;352;GT_Peddler;领地 小贩;GuildTerritory\GA6\GTPeddler-GA6;
NPC_GT_Peddler;359;GT_Peddler;领地 小贩;GuildTerritory\GA7\GTPeddler-GA7;
NPC_GT_Peddler;366;GT_Peddler;领地 小贩;GuildTerritory\GA8\GTPeddler-GA8;
NPC_GT_Peddler;373;GT_Peddler;领地 小贩;GuildTerritory\GA9\GTPeddler-GA9;
NPC_GT_Steward;311;GT_Steward;领地 管事;GuildTerritory\GA0\GTAdmin-GA10;
NPC_GT_Steward;318;GT_Steward;领地 管事;GuildTerritory\GA1\GTAdmin-GA11;
NPC_GT_Steward;325;GT_Steward;领地 管事;GuildTerritory\GA2\GTAdmin-GA12;
NPC_GT_Steward;332;GT_Steward;领地 管事;GuildTerritory\GA3\GTAdmin-GA13;
NPC_GT_Steward;339;GT_Steward;领地 管事;GuildTerritory\GA4\GTAdmin-GA14;
NPC_GT_Steward;346;GT_Steward;领地 管事;GuildTerritory\GA5\GTAdmin-GA15;
NPC_GT_Steward;353;GT_Steward;领地 管事;GuildTerritory\GA6\GTAdmin-GA16;
NPC_GT_Steward;360;GT_Steward;领地 管事;GuildTerritory\GA7\GTAdmin-GA17;
NPC_GT_Steward;367;GT_Steward;领地 管事;GuildTerritory\GA8\GTAdmin-GA18;
NPC_GT_Steward;374;GT_Steward;领地 管事;GuildTerritory\GA9\GTAdmin-GA19;
NPC_GTMerchant_Graeme;162;GTMerchant_Graeme;领地 商人 格雷姆;MongchonProvince/MudWall/GT;
NPC_GTMerchant_Jamie;43;GTMerchant_Jamie;领地 商人 杰米;BichonProvince/BichonWall/GTMerchant;
NPC_GTMerchant_Robert;205;GTMerchant_Robert;领地 商人 罗伯特;PrajnaIsland/GTMerchant;
NPC_GTMerchant_Roger;218;GTMerchant_Roger;领地 商人 罗杰;PastBichon/GTMerchant;
NPC_GTStore_Mira;307;GTStore_Mira;领地 仓库 米拉;GuildTerritory\GA0\GTStore-GA0;
NPC_GTStore_Mira;314;GTStore_Mira;领地 仓库 米拉;GuildTerritory\GA1\GTStore-GA1;
NPC_GTStore_Mira;321;GTStore_Mira;领地 仓库 米拉;GuildTerritory\GA2\GTStore-GA2;
NPC_GTStore_Mira;328;GTStore_Mira;领地 仓库 米拉;GuildTerritory\GA3\GTStore-GA3;
NPC_GTStore_Mira;335;GTStore_Mira;领地 仓库 米拉;GuildTerritory\GA4\GTStore-GA4;
NPC_GTStore_Mira;342;GTStore_Mira;领地 仓库 米拉;GuildTerritory\GA5\GTStore-GA5;
NPC_GTStore_Mira;349;GTStore_Mira;领地 仓库 米拉;GuildTerritory\GA6\GTStore-GA6;
NPC_GTStore_Mira;356;GTStore_Mira;领地 仓库 米拉;GuildTerritory\GA7\GTStore-GA7;
NPC_GTStore_Mira;363;GTStore_Mira;领地 仓库 米拉;GuildTerritory\GA8\GTStore-GA8;
NPC_GTStore_Mira;370;GTStore_Mira;领地 仓库 米拉;GuildTerritory\GA9\GTStore-GA9;
NPC_GTTransporter;308;GTTransporter;领地 传送员;GuildTerritory\GA0\GTTeleporter-GA0;
NPC_GTTransporter;315;GTTransporter;领地 传送员;GuildTerritory\GA1\GTTeleporter-GA1;
NPC_GTTransporter;322;GTTransporter;领地 传送员;GuildTerritory\GA2\GTTeleporter-GA2;
NPC_GTTransporter;329;GTTransporter;领地 传送员;GuildTerritory\GA3\GTTeleporter-GA3;
NPC_GTTransporter;336;GTTransporter;领地 传送员;GuildTerritory\GA4\GTTeleporter-GA4;
NPC_GTTransporter;343;GTTransporter;领地 传送员;GuildTerritory\GA5\GTTeleporter-GA5;
NPC_GTTransporter;350;GTTransporter;领地 传送员;GuildTerritory\GA6\GTTeleporter-GA6;
NPC_GTTransporter;357;GTTransporter;领地 传送员;GuildTerritory\GA7\GTTeleporter-GA7;
NPC_GTTransporter;364;GTTransporter;领地 传送员;GuildTerritory\GA8\GTTeleporter-GA8;
NPC_GTTransporter;371;GTTransporter;领地 传送员;GuildTerritory\GA9\GTTeleporter-GA9;
NPC_GuardianRock;186;GuardianRock;守护之石;MongchonProvince/FoxCave/Rock;
NPC_Hairdresser_Chris;296;Hairdresser_Chris;理发师 克里斯;BichonProvince/BichonWall/Hairdresser;
NPC_HighAssassin_Cloud;19;HighAssassin_Cloud;高阶刺客 克劳德;BichonProvince/SinCloud;
NPC_HighPriest_Jude;17;HighPriest_Jude;大祭司 朱德;BichonProvince/HighPriest;
NPC_InnKeeper_Anthony;10;InnKeeper_Anthony;旅店老板 安东尼;BichonProvince/BorderVillage/Warehouse;
NPC_InnKeeper_Brittney;31;InnKeeper_Brittney;旅店老板 布里特妮;BichonProvince/BichonWall/Warehouse1;
NPC_InnKeeper_Helen;76;InnKeeper_Helen;旅店老板 海伦;WoomyonWoods/Castle-GI/Warehouse;
NPC_InnKeeper_Jessica;142;InnKeeper_Jessica;旅店老板 杰西卡;MongchonProvince/MudWall/Warehouse;
NPC_InnKeeper_Mary;32;InnKeeper_Mary;旅店老板 玛丽;BichonProvince/BichonWall/Warehouse2;
NPC_InnKeeper_Nicole;130;InnKeeper_Nicole;旅店老板 妮可;SerpentValley/Village/Warehouse;
NPC_InnKeeper_Robin;163;InnKeeper_Robin;旅店老板 罗宾;MongchonProvince/MudWall/Warehouse2;
NPC_InnKeeper_Ruben;151;InnKeeper_Ruben;旅店老板 鲁本;MongchonProvince/MudWall/Warehouse1;
NPC_InnKeeper_Vicky;173;InnKeeper_Vicky;旅店老板 维琪;MongchonProvince/SabukWall/Warehouse;
NPC_Inspector_Peter;201;Inspector_Peter;巡查官 彼得;PrajnaIsland/Inspector;
NPC_Investigator_David;117;Investigator_David;调查员 大卫;WoomyonWoods/TaoistVillage/InvestigatorTV;
NPC_John_Schwartz;386;John_Schwartz;约翰·施瓦茨雕像;BichonProvince/BichonWall/IcemanStatue;
NPC_LeadTrainer_Harry;118;LeadTrainer_Harry;首席教官 哈利;WoomyonWoods/TaoistVillage/LeadTrainerTV;
NPC_LeftEscort_Carl;219;LeftEscort_Carl;左护卫 卡尔;PastBichon/LeftEscort;
NPC_Librarian_Brian;6;Librarian_Brian;图书管理员 布赖恩;BichonProvince/BorderVillage/BookStore;
NPC_Librarian_Huxley;95;Librarian_Huxley;图书管理员 赫胥黎;WoomyonWoods/TaoistVillage/Books;
NPC_Librarian_Steven;45;Librarian_Steven;图书管理员 史蒂文;BichonProvince/BichonWall/BookStore;
NPC_LostSoul;184;LostSoul;迷失灵魂;MongchonProvince/BugCave/LostSoul;
NPC_Lottery_Charley;160;Lottery_Charley;彩票商 查理;MongchonProvince/MudWall/Lottery;
NPC_Lottery_Eddie;34;Lottery_Eddie;彩票商 埃迪;BichonProvince/BichonWall/Lottery;
NPC_Luke_Thompson;303;Luke_Thompson;卢克·汤普森雕像;BichonProvince/BichonWall/LukeStatue;
NPC_Master_Joffrey;56;Master_Joffrey;师父 乔佛里;BichonProvince/BichonWall/Awakening;
NPC_Master_Perry;97;Master_Perry;师父 佩里;WoomyonWoods/TaoistVillage/Perry;
NPC_Master_Shok;71;Master_Shok;师父 朔克;WoomyonWoods/Fortress/Master;
NPC_Master_Wa;16;Master_Wa;师父 瓦;BichonProvince/Wa-Master;
NPC_MasterMage_Don;21;MasterMage_Don;法师导师 唐;BichonProvince/ArcherMage;
NPC_MasterMK_Deric;116;MasterMK_Deric;气功导师 德里克;WoomyonWoods/TaoistVillage/MasterMK;
NPC_MaterialDealer_Alex;113;MaterialDealer_Alex;材料商 亚历克斯;WoomyonWoods/TaoistVillage/Dealer;
NPC_MaterialDealer_Jeffery;36;MaterialDealer_Jeffery;材料商 杰弗里;BichonProvince/BichonWall/Materials;
NPC_MaterialDealer_Reece;302;MaterialDealer_Reece;材料商 里斯;BichonProvince/BorderVillage/Materials;
NPC_Merchant_Alice;11;Merchant_Alice;商人 爱丽丝;BichonProvince/BorderVillage/Ring;
NPC_Merchant_Anne;50;Merchant_Anne;商人 安妮;BichonProvince/BichonWall/Clothing;
NPC_Merchant_Bart;193;Merchant_Bart;商人 巴特;PrajnaIsland/Peddlar;
NPC_Merchant_Belina;77;Merchant_Belina;商人 贝丽娜;WoomyonWoods/Castle-GI/Drapery;
NPC_Merchant_Betty;12;Merchant_Betty;商人 贝蒂;BichonProvince/BorderVillage/Bracelet;
NPC_Merchant_Bill;168;Merchant_Bill;商人 比尔;MongchonProvince/SabukWall/Weaponsmith;
NPC_Merchant_Bradley;135;Merchant_Bradley;商人 布拉德利;SerpentValley/Village/Blacksmith;
NPC_Merchant_Bruce;158;Merchant_Bruce;商人 布鲁斯;MongchonProvince/MudWall/Blacksmith;
NPC_Merchant_Bull;33;Merchant_Bull;商人 布尔;BichonProvince/BichonWall/Grocery;
NPC_Merchant_Carratt;124;Merchant_Carratt;商人 卡拉特;WoomyonWoods/SeokchoValley/Merchant;
NPC_Merchant_Cindy;174;Merchant_Cindy;商人 辛迪;MongchonProvince/SabukWall/Bracelet;
NPC_Merchant_Clara;13;Merchant_Clara;商人 克拉拉;BichonProvince/BorderVillage/Necklace;
NPC_Merchant_Cook;123;Merchant_Cook;商人 库克;WoomyonWoods/SeokchoValley/Grocery;
NPC_Merchant_Daniel;145;Merchant_Daniel;商人 丹尼尔;MongchonProvince/MudWall/Potion;
NPC_Merchant_Debora;170;Merchant_Debora;商人 黛博拉;MongchonProvince/SabukWall/Helmet;
NPC_Merchant_Derby;79;Merchant_Derby;商人 德比;WoomyonWoods/Castle-GI/Peddlar;
NPC_Merchant_Diana;48;Merchant_Diana;商人 黛安娜;BichonProvince/BichonWall/Ring;
NPC_Merchant_Dr.Hwa;229;Merchant_Dr.Hwa;药剂师 华医生;WasteLand/Potion;
NPC_Merchant_Dr.Kim;134;Merchant_Dr.Kim;药剂师 金医生;SerpentValley/Village/Potion;
NPC_Merchant_Dustin;211;Merchant_Dustin;商人 达斯汀;PastBichon/Weaponsmith;
NPC_Merchant_Emily;190;Merchant_Emily;商人 艾米丽;PrajnaIsland/Jewellery;
NPC_Merchant_Gerald;84;Merchant_Gerald;商人 杰拉德;WoomyonWoods/Castle-GI/Weaponsmith;
NPC_Merchant_Glenn;59;Merchant_Glenn;商人 格伦;BichonProvince/BichonWall/PearlStore;
NPC_Merchant_Gordon;214;Merchant_Gordon;商人 戈登;PastBichon/Potion;
NPC_Merchant_Grace;189;Merchant_Grace;商人 格蕾丝;PrajnaIsland/Jewellery;
NPC_Merchant_Hans;68;Merchant_Hans;商人 汉斯;WoomyonWoods/Fortress/Butcher;
NPC_Merchant_Harry;172;Merchant_Harry;商人 哈利;MongchonProvince/SabukWall/Potion;
NPC_Merchant_Harvey;213;Merchant_Harvey;商人 哈维;PastBichon/Jewellery;
NPC_Merchant_Helen;70;Merchant_Helen;商人 海伦;WoomyonWoods/Fortress/Potion;
NPC_Merchant_Jack;212;Merchant_Jack;商人 杰克;PastBichon/Peddlar;
NPC_Merchant_James;210;Merchant_James;商人 詹姆斯;PastBichon/Clothes;
NPC_Merchant_Janey;93;Merchant_Janey;商人 珍妮;WoomyonWoods/TaoistVillage/Potion;
NPC_Merchant_Jang;69;Merchant_Jang;商人 张;WoomyonWoods/Fortress/Blacksmith;
NPC_Merchant_Jene;225;Merchant_Jene;商人 珍妮;WasteLand/Clothes;
NPC_Merchant_Jennifer;152;Merchant_Jennifer;商人 珍妮弗;MongchonProvince/MudWall/Clothes;
NPC_Merchant_Jerald;89;Merchant_Jerald;商人 杰拉德;WoomyonWoods/TaoistVillage/Weaponsmith;
NPC_Merchant_Jerry;90;Merchant_Jerry;商人 杰瑞;WoomyonWoods/TaoistVillage/Peddlar;
NPC_Merchant_Jim;80;Merchant_Jim;商人 吉姆;WoomyonWoods/Castle-GI/1Gime;
NPC_Merchant_John;7;Merchant_John;商人 约翰;BichonProvince/BorderVillage/Butcher;
NPC_Merchant_Julia;72;Merchant_Julia;商人 朱莉娅;WoomyonWoods/Fortress/Drapery;
NPC_Merchant_June;226;Merchant_June;商人 琼;WasteLand/Jewellery;
NPC_Merchant_Keith;192;Merchant_Keith;商人 基思;PrajnaIsland/WeaponSmith;
NPC_Merchant_Kelly;156;Merchant_Kelly;商人 凯莉;MongchonProvince/MudWall/Bracelet1;
NPC_Merchant_Ken;91;Merchant_Ken;商人 肯;WoomyonWoods/TaoistVillage/Jewellery;
NPC_Merchant_Kevin;143;Merchant_Kevin;商人 凯文;MongchonProvince/MudWall/Grocery;
NPC_Merchant_Kim;26;Merchant_Kim;商人 金;BichonProvince/BichonWall/Butcher2;
NPC_Merchant_Kristin;49;Merchant_Kristin;商人 克里斯汀;BichonProvince/BichonWall/Necklace;
NPC_Merchant_Laura;153;Merchant_Laura;商人 劳拉;MongchonProvince/MudWall/Bracelet;
NPC_Merchant_Melissa;129;Merchant_Melissa;商人 梅丽莎;SerpentValley/Village/Clothes;
NPC_Merchant_Michelle;154;Merchant_Michelle;商人 米歇尔;MongchonProvince/MudWall/Helmets;
NPC_Merchant_Milton;165;Merchant_Milton;商人 米尔顿;MongchonProvince/SabukWall/Butcher;
NPC_Merchant_Monica;81;Merchant_Monica;商人 莫妮卡;WoomyonWoods/Castle-GI/Jewellery;
NPC_Merchant_Mr.Wang;166;Merchant_Mr.Wang;商人 王先生;MongchonProvince/SabukWall/Peddlar;
NPC_Merchant_Murray;82;Merchant_Murray;商人 墨里;WoomyonWoods/Castle-GI/Potion;
NPC_Merchant_Olivia;47;Merchant_Olivia;商人 奥利维亚;BichonProvince/BichonWall/Bracelet;
NPC_Merchant_Paddy;228;Merchant_Paddy;商人 帕迪;WasteLand/Peddlar;
NPC_Merchant_Peggy;176;Merchant_Peggy;商人 佩吉;MongchonProvince/SabukWall/Ring;
NPC_Merchant_Rachel;157;Merchant_Rachel;商人 瑞秋;MongchonProvince/MudWall/Necklace;
NPC_Merchant_Raymond;159;Merchant_Raymond;商人 雷蒙德;MongchonProvince/MudWall/Potion1;
NPC_Merchant_Robert;128;Merchant_Robert;商人 罗伯特;SerpentValley/Village/Grocery;
NPC_Merchant_Ruben;9;Merchant_Ruben;商人 鲁本;BichonProvince/BorderVillage/Grocery;
NPC_Merchant_Rupert;144;Merchant_Rupert;商人 鲁伯特;MongchonProvince/MudWall/Butcher;
NPC_Merchant_Sam;92;Merchant_Sam;商人 山姆;WoomyonWoods/TaoistVillage/Drapery;
NPC_Merchant_Sandford;195;Merchant_Sandford;商人 桑福德;PrajnaIsland/Potion;
NPC_Merchant_Sandra;169;Merchant_Sandra;商人 桑德拉;MongchonProvince/SabukWall/Clothes;
NPC_Merchant_Sarah;25;Merchant_Sarah;商人 萨拉;BichonProvince/BichonWall/Butcher1;
NPC_Merchant_Sarah;175;Merchant_Sarah;商人 萨拉;MongchonProvince/SabukWall/Necklace;
NPC_Merchant_Satin;78;Merchant_Satin;商人 萨廷;WoomyonWoods/Castle-GI/Stones;
NPC_Merchant_Scott;295;Merchant_Scott;商人 斯科特;BichonProvince/BorderVillage/Pedlar;
NPC_Merchant_Susan;191;Merchant_Susan;商人 苏珊;PrajnaIsland/Clothes;
NPC_Merchant_Tiffany;155;Merchant_Tiffany;商人 蒂芙尼;MongchonProvince/MudWall/Ring;
NPC_Merchant_Vincent;46;Merchant_Vincent;商人 文森特;BichonProvince/BichonWall/Blacksmith1;
NPC_Merchant_Walter;147;Merchant_Walter;商人 沃尔特;MongchonProvince/MudWall/Grocery1;
NPC_Merchant_Whitney;8;Merchant_Whitney;商人 惠特尼;BichonProvince/BorderVillage/Drapery;
NPC_Merchant_Yang;224;Merchant_Yang;商人 杨;WasteLand/Weaponsmith;
NPC_MirGuide_Edward;206;MirGuide_Edward;向导 爱德华;PrajnaIsland/MirGuide;
NPC_MirGuide_James;133;MirGuide_James;向导 詹姆斯;SerpentValley/Village/MirGuide;
NPC_MirGuide_Peter;37;MirGuide_Peter;向导 彼得;BichonProvince/BichonWall/MirGuide;
NPC_MirGuide_Stephen;150;MirGuide_Stephen;向导 史蒂芬;MongchonProvince/MudWall/MirGuide;
NPC_MissDo;247;MissDo;多小姐;BichonProvince/Event/MissDo-EM000;
NPC_MissMi;248;MissMi;米小姐;BichonProvince/Event/MissMi-EM000;
NPC_MissRe;249;MissRe;瑞小姐;BichonProvince/Event/MissRe-EM000;
NPC_MongchonDelegate_Michael;164;MongchonDelegate_Michael;盟重使者 迈克尔;MongchonProvince/MudWall/MonDelegate;
NPC_MongchonScout_Brian;52;MongchonScout_Brian;盟重斥候 布赖恩;BichonProvince/BichonWall/MongchonScout;
NPC_Monument;246;Monument;纪念碑;WhiteValley/SnowMonument;
NPC_MudWall_Board;148;MudWall_Board;盟重土城 告示牌;MongchonProvince/MudWall/Board;
NPC_Mysterious_Grim;301;Mysterious_Grim;神秘 格里姆;BichonProvince/OmaCave/Grim;
NPC_Mysterious_Yu;139;Mysterious_Yu;神秘 禹;SerpentValley/ConnectionPath/MysteriousYu;
NPC_MysteriousPillar;181;MysteriousPillar;神秘石柱;MongchonProvince/MysteriousPillar;
NPC_MysteriousStone;67;MysteriousStone;神秘石像;BichonProvince/OmaCave/Stone;
NPC_MysteriousStone;75;MysteriousStone;神秘石像;WoomyonWoods/WoomaTemple/Stone;
NPC_MysteriousStone;187;MysteriousStone;神秘石像;MongchonProvince/StoneTemple/Stone;
NPC_MysteriousStone;188;MysteriousStone;神秘石像;MongchonProvince/ZumaTemple/Stone;
NPC_MysteriousStone;209;MysteriousStone;神秘石像;AncientCaves/AncientPrajna-D2074;
NPC_OddOldMan;202;OddOldMan;古怪老人;PrajnaIsland/OddOldMan;
NPC_OldFisherman_Frank;194;OldFisherman_Frank;老渔夫 弗兰克;PrajnaIsland/Fisherman;
NPC_OldSkeleton;66;OldSkeleton;老骷髅;BichonProvince/DeadMine/OldSkeleton;
NPC_OldSkull;140;OldSkull;老骷髅头;SerpentValley/SDeadMine/OldSkull;
NPC_PetMaster_Andy;58;PetMaster_Andy;宠物管理员 安迪;BichonProvince/BichonWall/PetStore;
NPC_Pillar;121;Pillar;石柱;WoomyonWoods/TaoistVillage/TreePath/Pillar;
NPC_Pillar;127;Pillar;石柱;WoomyonWoods/SeokchoValley/TrollMine/Pillar;
NPC_PotionShop_Samuel;231;PotionShop_Samuel;药剂店 塞缪尔;WasteLand/DeadForest/Potion;
NPC_Premium_Elijah;60;Premium_Elijah;特权商人 以利亚;BichonProvince/BichonWall/Premium;
NPC_Prison_Guard;14;Prison_Guard;监狱守卫;BichonProvince/BorderVillage/Prison;
NPC_Proceeder;250;Proceeder;活动引导员;BichonProvince/Event/Proceeder30-EM001;
NPC_Proceeder;251;Proceeder;活动引导员;BichonProvince/Event/Proceeder40-EM002;
NPC_Proceeder;252;Proceeder;活动引导员;BichonProvince/Event/Proceeder41-EM003;
NPC_Protector_James;178;Protector_James;守护者 詹姆斯;MongchonProvince/SabukWall/SwampNPC;
NPC_RightEscort_Martin;220;RightEscort_Martin;右护卫 马丁;PastBichon/RightEscort;
NPC_Sailor_Alfred;233;Sailor_Alfred;水手 阿尔弗雷德;WhiteValley/Encampment/Sailor;
NPC_Sailor_Raymond;200;Sailor_Raymond;水手 雷蒙德;PrajnaIsland/Sailor;
NPC_Sailor_Rupert;15;Sailor_Rupert;水手 鲁伯特;BichonProvince/Sailor;
NPC_Signpost;114;Signpost;路牌;WoomyonWoods/TaoistVillage/Signpost;
NPC_Signpost;126;Signpost;路牌;WoomyonWoods/SeokchoValley/Signpost;
NPC_Signpost;132;Signpost;路牌;SerpentValley/Village/Signpost;
NPC_Signpost;199;Signpost;告示牌;PrajnaIsland/Board;
NPC_Signpost;242;Signpost;路牌;WhiteValley/Encampment/Signpost;
NPC_Sir_Mogu;53;Sir_Mogu;莫古爵士;BichonProvince/BichonWall/Sir.Mogu;
NPC_SkeletonPile;141;SkeletonPile;骷髅堆;SerpentValley/SDeadMine/SkeletonPile;
NPC_SkullPile;138;SkullPile;头骨堆;SerpentValley/SDeadMine/SkullPile;
NPC_Solider_Richard;41;Solider_Richard;士兵 理查德;BichonProvince/BichonWall/Solider;
NPC_Specialist_Eugene;94;Specialist_Eugene;专家 尤金;WoomyonWoods/TaoistVillage/Potion1;
NPC_Specialist_Kimberly;83;Specialist_Kimberly;专家 金伯莉;WoomyonWoods/Castle-GI/Potion1;
NPC_Specialist_Kurtis;196;Specialist_Kurtis;专家 柯蒂斯;PrajnaIsland/Potion1;
NPC_Specialist_Milton;171;Specialist_Milton;专家 米尔顿;MongchonProvince/SabukWall/Potion1;
NPC_Specialist_Travis;30;Specialist_Travis;专家 特拉维斯;BichonProvince/BichonWall/Potion3;
NPC_SquadLeader_Dolby;245;SquadLeader_Dolby;小队长 多尔比;WhiteValley/SquadLeader;
NPC_StableGirl_Mary;40;StableGirl_Mary;马厩女孩 玛丽;BichonProvince/BichonWall/StableGirl;
NPC_Stairs;312;Stairs;楼梯;GuildTerritory\GA0\GTStairs-GA10;
NPC_Stairs;313;Stairs;楼梯;GuildTerritory\GA0\GTStairs-GA20;
NPC_Stairs;319;Stairs;楼梯;GuildTerritory\GA1\GTStairs-GA11;
NPC_Stairs;320;Stairs;楼梯;GuildTerritory\GA1\GTStairs-GA21;
NPC_Stairs;326;Stairs;楼梯;GuildTerritory\GA2\GTStairs-GA12;
NPC_Stairs;327;Stairs;楼梯;GuildTerritory\GA2\GTStairs-GA22;
NPC_Stairs;333;Stairs;楼梯;GuildTerritory\GA3\GTStairs-GA13;
NPC_Stairs;334;Stairs;楼梯;GuildTerritory\GA3\GTStairs-GA23;
NPC_Stairs;340;Stairs;楼梯;GuildTerritory\GA4\GTStairs-GA14;
NPC_Stairs;341;Stairs;楼梯;GuildTerritory\GA4\GTStairs-GA24;
NPC_Stairs;347;Stairs;楼梯;GuildTerritory\GA5\GTStairs-GA15;
NPC_Stairs;348;Stairs;楼梯;GuildTerritory\GA5\GTStairs-GA25;
NPC_Stairs;354;Stairs;楼梯;GuildTerritory\GA6\GTStairs-GA16;
NPC_Stairs;355;Stairs;楼梯;GuildTerritory\GA6\GTStairs-GA26;
NPC_Stairs;361;Stairs;楼梯;GuildTerritory\GA7\GTStairs-GA17;
NPC_Stairs;362;Stairs;楼梯;GuildTerritory\GA7\GTStairs-GA27;
NPC_Stairs;368;Stairs;楼梯;GuildTerritory\GA8\GTStairs-GA18;
NPC_Stairs;369;Stairs;楼梯;GuildTerritory\GA8\GTStairs-GA28;
NPC_Stairs;375;Stairs;楼梯;GuildTerritory\GA9\GTStairs-GA19;
NPC_Stairs;376;Stairs;楼梯;GuildTerritory\GA9\GTStairs-GA29;
NPC_Storage_Jake;63;Storage_Jake;仓库管理员 杰克;BichonProvince/OmaCave/Warehouse;
NPC_Storage_Jon;234;Storage_Jon;仓库管理员 乔恩;WhiteValley/Encampment/Storage;
NPC_StrangeMan;64;StrangeMan;神秘人;BichonProvince/OmaCave/StrangeMan;
NPC_StrangePillar;180;StrangePillar;奇怪石柱;MongchonProvince/StrangePillar;
NPC_SubjagationManager_James;54;SubjagationManager_James;剿灭任务管理员 詹姆斯;BichonProvince/BichonWall/SubjagationManager;
NPC_SubjugationLead_Eric;73;SubjugationLead_Eric;剿灭队长 埃里克;WoomyonWoods/Fortress/SubjugationLead;
NPC_Teleport_Denzel;86;Teleport_Denzel;传送员 登泽尔;WoomyonWoods/Castle-GI/Transporter;
NPC_Teleport_Gilbert;1;Teleport_Gilbert;传送员 吉尔伯特;BichonProvince/BorderVillage/Transport;
NPC_Teleport_Harrison;23;Teleport_Harrison;传送员 哈里森;BichonProvince/BichonWall/Bichon_Teleport2;
NPC_Teleport_Jason;22;Teleport_Jason;传送员 杰森;BichonProvince/BichonWall/Bichon_Teleport1;
NPC_Teleport_Kyle;24;Teleport_Kyle;传送员 凯尔;BichonProvince/BichonWall/Bichon_Teleport3;
NPC_Teleport_Sigmund;115;Teleport_Sigmund;传送员 西格蒙德;WoomyonWoods/TaoistVillage/Transporter;
NPC_TheWatcher_Jacob;244;TheWatcher_Jacob;守望者 雅各布;WhiteValley/Encampment/CaveGuard;
NPC_TimeStone;208;TimeStone;时间之石;PrajnaIsland/Timestone;
NPC_TimeStone;222;TimeStone;时间之石;PastBichon/Timestone;
NPC_TrainerTaoist;104;TrainerTaoist;道士导师;WoomyonWoods/TaoistVillage/TrainerTao;
NPC_TrainerTaoist;111;TrainerTaoist;道士导师;WoomyonWoods/TaoistVillage/TrainerTaoist2;
NPC_Transport_Chandler;131;Transport_Chandler;传送员 钱德勒;SerpentValley/Village/Transport;
NPC_Transport_Edwin;146;Transport_Edwin;传送员 爱德温;MongchonProvince/MudWall/Transport;
NPC_Traveller_Soho;74;Traveller_Soho;旅行者 索霍;WoomyonWoods/InsectCave/Soho;
NPC_TravellingMerchant_Damian;283;TravellingMerchant_Damian;流浪商人 达米安;TravellingMerchant;
NPC_TravellingMerchant_Damian;284;TravellingMerchant_Damian;流浪商人 达米安;TravellingMerchant;
NPC_TravellingMerchant_Damian;285;TravellingMerchant_Damian;流浪商人 达米安;TravellingMerchant;
NPC_TravellingMerchant_Damian;286;TravellingMerchant_Damian;流浪商人 达米安;TravellingMerchant;
NPC_TravellingMerchant_Damian;287;TravellingMerchant_Damian;流浪商人 达米安;TravellingMerchant;
NPC_TravellingMerchant_Damian;288;TravellingMerchant_Damian;流浪商人 达米安;TravellingMerchant;
NPC_TravellingMerchant_Damian;289;TravellingMerchant_Damian;流浪商人 达米安;TravellingMerchant;
NPC_TravellingMerchant_Damian;290;TravellingMerchant_Damian;流浪商人 达米安;TravellingMerchant;
NPC_TravellingMerchant_Damian;291;TravellingMerchant_Damian;流浪商人 达米安;TravellingMerchant;
NPC_TravellingMerchant_Damian;292;TravellingMerchant_Damian;流浪商人 达米安;TravellingMerchant;
NPC_TravellingMerchant_Damian;293;TravellingMerchant_Damian;流浪商人 达米安;TravellingMerchant;
NPC_TrustMerchant_Jake;149;TrustMerchant_Jake;信誉商人 杰克;MongchonProvince/MudWall/TrustMerchant;
NPC_TrustMerchant_James;42;TrustMerchant_James;信誉商人 詹姆斯;BichonProvince/BichonWall/TrustMerchant;
NPC_TrustMerchant_Joseph;204;TrustMerchant_Joseph;信誉商人 约瑟夫;PrajnaIsland/TrustMerchant;
NPC_TrustMerchant_Michael;243;TrustMerchant_Michael;信誉商人 迈克尔;WhiteValley/Encampment/TrustMerchant;
NPC_TrustMerchant_Patrick;88;TrustMerchant_Patrick;信誉商人 帕特里克;WoomyonWoods/Castle-GI/TrustMerchant;
NPC_TrustMerchant_Terry;217;TrustMerchant_Terry;信誉商人 特里;PastBichon/TrustMerchant;
NPC_VillageChief_Andrew;207;VillageChief_Andrew;村长 安德鲁;PrajnaIsland/VillageChief;
NPC_VulnerableSon_Alfie;137;VulnerableSon_Alfie;孱弱的儿子 阿尔菲;SerpentValley/VulnerableSon;
NPC_Wanderer_Charlotte;305;Wanderer_Charlotte;流浪者 夏洛特;WhiteValley/Wanderer_Charlotte;
NPC_Warehouse_Clair;125;Warehouse_Clair;仓库管理员 克莱尔;WoomyonWoods/SeokchoValley/Warehouse;
NPC_Warehouse_Heather;197;Warehouse_Heather;仓库管理员 希瑟;PrajnaIsland/Warehouse;
NPC_Warehouse_Hubert;96;Warehouse_Hubert;仓库管理员 休伯特;WoomyonWoods/TaoistVillage/Warehouse;
NPC_Warehouse_Stanislav;215;Warehouse_Stanislav;仓库管理员 斯坦尼斯拉夫;PastBichon/Warehouse;
NPC_WickedTrader_James;65;WickedTrader_James;黑心商人 詹姆斯;BichonProvince/NaturalCave/WickedTrader;
NPC_WierdPillar;179;WierdPillar;古怪石柱;MongchonProvince/WierdPillar;
NPC_WiseFisherman_Albert;39;WiseFisherman_Albert;智者渔夫 阿尔伯特;BichonProvince/BichonWall/WiseFisher;
